use BdTpiBaseDatos;

INSERT INTO Proyecto (codigo_proyecto, nombre, cliente, descripcion, presupuesto, horas_totales, fecha_inicio, fecha_fin)
VALUES
(1, 'Proyecto 1', 'Cliente 1', 'Descripción Proyecto 1', 51000, 105, '2023-01-01', '2023-12-31'),
(2, 'Proyecto 2', 'Cliente 2', 'Descripción Proyecto 2', 52000, 110, '2023-01-01', '2023-12-31'),
(3, 'Proyecto 3', 'Cliente 3', 'Descripción Proyecto 3', 53000, 115, '2023-01-01', '2023-12-31'),
(4, 'Proyecto 4', 'Cliente 4', 'Descripción Proyecto 4', 54000, 120, '2023-01-01', '2023-12-31'),
(5, 'Proyecto 5', 'Cliente 5', 'Descripción Proyecto 5', 55000, 125, '2023-01-01', '2023-12-31'),
(6, 'Proyecto 6', 'Cliente 6', 'Descripción Proyecto 6', 56000, 130, '2023-01-01', '2023-12-31'),
(7, 'Proyecto 7', 'Cliente 7', 'Descripción Proyecto 7', 57000, 135, '2023-01-01', '2023-12-31'),
(8, 'Proyecto 8', 'Cliente 8', 'Descripción Proyecto 8', 58000, 140, '2023-01-01', '2023-12-31'),
(9, 'Proyecto 9', 'Cliente 9', 'Descripción Proyecto 9', 59000, 145, '2023-01-01', '2023-12-31'),
(10, 'Proyecto 10', 'Cliente 10', 'Descripción Proyecto 10', 60000, 150, '2023-01-01', '2023-12-31'),
(11, 'Proyecto 11', 'Cliente 11', 'Descripción Proyecto 11', 61000, 155, '2023-01-01', '2023-12-31'),
(12, 'Proyecto 12', 'Cliente 12', 'Descripción Proyecto 12', 62000, 160, '2023-01-01', '2023-12-31'),
(13, 'Proyecto 13', 'Cliente 13', 'Descripción Proyecto 13', 63000, 165, '2023-01-01', '2023-12-31'),
(14, 'Proyecto 14', 'Cliente 14', 'Descripción Proyecto 14', 64000, 170, '2023-01-01', '2023-12-31'),
(15, 'Proyecto 15', 'Cliente 15', 'Descripción Proyecto 15', 65000, 175, '2023-01-01', '2023-12-31'),
(16, 'Proyecto 16', 'Cliente 16', 'Descripción Proyecto 16', 66000, 180, '2023-01-01', '2023-12-31'),
(17, 'Proyecto 17', 'Cliente 17', 'Descripción Proyecto 17', 67000, 185, '2023-01-01', '2023-12-31'),
(18, 'Proyecto 18', 'Cliente 18', 'Descripción Proyecto 18', 68000, 190, '2023-01-01', '2023-12-31'),
(19, 'Proyecto 19', 'Cliente 19', 'Descripción Proyecto 19', 69000, 195, '2023-01-01', '2023-12-31'),
(20, 'Proyecto 20', 'Cliente 20', 'Descripción Proyecto 20', 70000, 200, '2023-01-01', '2023-12-31'),
(21, 'Proyecto 21', 'Cliente 21', 'Descripción Proyecto 21', 71000, 205, '2023-01-01', '2023-12-31'),
(22, 'Proyecto 22', 'Cliente 22', 'Descripción Proyecto 22', 72000, 210, '2023-01-01', '2023-12-31'),
(23, 'Proyecto 23', 'Cliente 23', 'Descripción Proyecto 23', 73000, 215, '2023-01-01', '2023-12-31'),
(24, 'Proyecto 24', 'Cliente 24', 'Descripción Proyecto 24', 74000, 220, '2023-01-01', '2023-12-31'),
(25, 'Proyecto 25', 'Cliente 25', 'Descripción Proyecto 25', 75000, 225, '2023-01-01', '2023-12-31'),
(26, 'Proyecto 26', 'Cliente 26', 'Descripción Proyecto 26', 76000, 230, '2023-01-01', '2023-12-31'),
(27, 'Proyecto 27', 'Cliente 27', 'Descripción Proyecto 27', 77000, 235, '2023-01-01', '2023-12-31'),
(28, 'Proyecto 28', 'Cliente 28', 'Descripción Proyecto 28', 78000, 240, '2023-01-01', '2023-12-31'),
(29, 'Proyecto 29', 'Cliente 29', 'Descripción Proyecto 29', 79000, 245, '2023-01-01', '2023-12-31'),
(30, 'Proyecto 30', 'Cliente 30', 'Descripción Proyecto 30', 80000, 250, '2023-01-01', '2023-12-31'),
(31, 'Proyecto 31', 'Cliente 31', 'Descripción Proyecto 31', 81000, 255, '2023-01-01', '2023-12-31'),
(32, 'Proyecto 32', 'Cliente 32', 'Descripción Proyecto 32', 82000, 260, '2023-01-01', '2023-12-31'),
(33, 'Proyecto 33', 'Cliente 33', 'Descripción Proyecto 33', 83000, 265, '2023-01-01', '2023-12-31'),
(34, 'Proyecto 34', 'Cliente 34', 'Descripción Proyecto 34', 84000, 270, '2023-01-01', '2023-12-31'),
(35, 'Proyecto 35', 'Cliente 35', 'Descripción Proyecto 35', 85000, 275, '2023-01-01', '2023-12-31'),
(36, 'Proyecto 36', 'Cliente 36', 'Descripción Proyecto 36', 86000, 280, '2023-01-01', '2023-12-31'),
(37, 'Proyecto 37', 'Cliente 37', 'Descripción Proyecto 37', 87000, 285, '2023-01-01', '2023-12-31'),
(38, 'Proyecto 38', 'Cliente 38', 'Descripción Proyecto 38', 88000, 290, '2023-01-01', '2023-12-31'),
(39, 'Proyecto 39', 'Cliente 39', 'Descripción Proyecto 39', 89000, 295, '2023-01-01', '2023-12-31'),
(40, 'Proyecto 40', 'Cliente 40', 'Descripción Proyecto 40', 90000, 300, '2023-01-01', '2023-12-31'),
(41, 'Proyecto 41', 'Cliente 41', 'Descripción Proyecto 41', 91000, 305, '2023-01-01', '2023-12-31'),
(42, 'Proyecto 42', 'Cliente 42', 'Descripción Proyecto 42', 92000, 310, '2023-01-01', '2023-12-31'),
(43, 'Proyecto 43', 'Cliente 43', 'Descripción Proyecto 43', 93000, 315, '2023-01-01', '2023-12-31'),
(44, 'Proyecto 44', 'Cliente 44', 'Descripción Proyecto 44', 94000, 320, '2023-01-01', '2023-12-31'),
(45, 'Proyecto 45', 'Cliente 45', 'Descripción Proyecto 45', 95000, 325, '2023-01-01', '2023-12-31'),
(46, 'Proyecto 46', 'Cliente 46', 'Descripción Proyecto 46', 96000, 330, '2023-01-01', '2023-12-31'),
(47, 'Proyecto 47', 'Cliente 47', 'Descripción Proyecto 47', 97000, 335, '2023-01-01', '2023-12-31'),
(48, 'Proyecto 48', 'Cliente 48', 'Descripción Proyecto 48', 98000, 340, '2023-01-01', '2023-12-31'),
(49, 'Proyecto 49', 'Cliente 49', 'Descripción Proyecto 49', 99000, 345, '2023-01-01', '2023-12-31'),
(50, 'Proyecto 50', 'Cliente 50', 'Descripción Proyecto 50', 100000, 350, '2023-01-01', '2023-12-31'),
(51, 'Proyecto 51', 'Cliente 51', 'Descripción Proyecto 51', 101000, 355, '2023-01-01', '2023-12-31'),
(52, 'Proyecto 52', 'Cliente 52', 'Descripción Proyecto 52', 102000, 360, '2023-01-01', '2023-12-31'),
(53, 'Proyecto 53', 'Cliente 53', 'Descripción Proyecto 53', 103000, 365, '2023-01-01', '2023-12-31'),
(54, 'Proyecto 54', 'Cliente 54', 'Descripción Proyecto 54', 104000, 370, '2023-01-01', '2023-12-31'),
(55, 'Proyecto 55', 'Cliente 55', 'Descripción Proyecto 55', 105000, 375, '2023-01-01', '2023-12-31'),
(56, 'Proyecto 56', 'Cliente 56', 'Descripción Proyecto 56', 106000, 380, '2023-01-01', '2023-12-31'),
(57, 'Proyecto 57', 'Cliente 57', 'Descripción Proyecto 57', 107000, 385, '2023-01-01', '2023-12-31'),
(58, 'Proyecto 58', 'Cliente 58', 'Descripción Proyecto 58', 108000, 390, '2023-01-01', '2023-12-31'),
(59, 'Proyecto 59', 'Cliente 59', 'Descripción Proyecto 59', 109000, 395, '2023-01-01', '2023-12-31'),
(60, 'Proyecto 60', 'Cliente 60', 'Descripción Proyecto 60', 110000, 400, '2023-01-01', '2023-12-31'),
(61, 'Proyecto 61', 'Cliente 61', 'Descripción Proyecto 61', 111000, 405, '2023-01-01', '2023-12-31'),
(62, 'Proyecto 62', 'Cliente 62', 'Descripción Proyecto 62', 112000, 410, '2023-01-01', '2023-12-31'),
(63, 'Proyecto 63', 'Cliente 63', 'Descripción Proyecto 63', 113000, 415, '2023-01-01', '2023-12-31'),
(64, 'Proyecto 64', 'Cliente 64', 'Descripción Proyecto 64', 114000, 420, '2023-01-01', '2023-12-31'),
(65, 'Proyecto 65', 'Cliente 65', 'Descripción Proyecto 65', 115000, 425, '2023-01-01', '2023-12-31'),
(66, 'Proyecto 66', 'Cliente 66', 'Descripción Proyecto 66', 116000, 430, '2023-01-01', '2023-12-31'),
(67, 'Proyecto 67', 'Cliente 67', 'Descripción Proyecto 67', 117000, 435, '2023-01-01', '2023-12-31'),
(68, 'Proyecto 68', 'Cliente 68', 'Descripción Proyecto 68', 118000, 440, '2023-01-01', '2023-12-31'),
(69, 'Proyecto 69', 'Cliente 69', 'Descripción Proyecto 69', 119000, 445, '2023-01-01', '2023-12-31'),
(70, 'Proyecto 70', 'Cliente 70', 'Descripción Proyecto 70', 120000, 450, '2023-01-01', '2023-12-31'),
(71, 'Proyecto 71', 'Cliente 71', 'Descripción Proyecto 71', 121000, 455, '2023-01-01', '2023-12-31'),
(72, 'Proyecto 72', 'Cliente 72', 'Descripción Proyecto 72', 122000, 460, '2023-01-01', '2023-12-31'),
(73, 'Proyecto 73', 'Cliente 73', 'Descripción Proyecto 73', 123000, 465, '2023-01-01', '2023-12-31'),
(74, 'Proyecto 74', 'Cliente 74', 'Descripción Proyecto 74', 124000, 470, '2023-01-01', '2023-12-31'),
(75, 'Proyecto 75', 'Cliente 75', 'Descripción Proyecto 75', 125000, 475, '2023-01-01', '2023-12-31'),
(76, 'Proyecto 76', 'Cliente 76', 'Descripción Proyecto 76', 126000, 480, '2023-01-01', '2023-12-31'),
(77, 'Proyecto 77', 'Cliente 77', 'Descripción Proyecto 77', 127000, 485, '2023-01-01', '2023-12-31'),
(78, 'Proyecto 78', 'Cliente 78', 'Descripción Proyecto 78', 128000, 490, '2023-01-01', '2023-12-31'),
(79, 'Proyecto 79', 'Cliente 79', 'Descripción Proyecto 79', 129000, 495, '2023-01-01', '2023-12-31'),
(80, 'Proyecto 80', 'Cliente 80', 'Descripción Proyecto 80', 130000, 500, '2023-01-01', '2023-12-31'),
(81, 'Proyecto 81', 'Cliente 81', 'Descripción Proyecto 81', 131000, 505, '2023-01-01', '2023-12-31'),
(82, 'Proyecto 82', 'Cliente 82', 'Descripción Proyecto 82', 132000, 510, '2023-01-01', '2023-12-31'),
(83, 'Proyecto 83', 'Cliente 83', 'Descripción Proyecto 83', 133000, 515, '2023-01-01', '2023-12-31'),
(84, 'Proyecto 84', 'Cliente 84', 'Descripción Proyecto 84', 134000, 520, '2023-01-01', '2023-12-31'),
(85, 'Proyecto 85', 'Cliente 85', 'Descripción Proyecto 85', 135000, 525, '2023-01-01', '2023-12-31'),
(86, 'Proyecto 86', 'Cliente 86', 'Descripción Proyecto 86', 136000, 530, '2023-01-01', '2023-12-31'),
(87, 'Proyecto 87', 'Cliente 87', 'Descripción Proyecto 87', 137000, 535, '2023-01-01', '2023-12-31'),
(88, 'Proyecto 88', 'Cliente 88', 'Descripción Proyecto 88', 138000, 540, '2023-01-01', '2023-12-31'),
(89, 'Proyecto 89', 'Cliente 89', 'Descripción Proyecto 89', 139000, 545, '2023-01-01', '2023-12-31'),
(90, 'Proyecto 90', 'Cliente 90', 'Descripción Proyecto 90', 140000, 550, '2023-01-01', '2023-12-31'),
(91, 'Proyecto 91', 'Cliente 91', 'Descripción Proyecto 91', 141000, 555, '2023-01-01', '2023-12-31'),
(92, 'Proyecto 92', 'Cliente 92', 'Descripción Proyecto 92', 142000, 560, '2023-01-01', '2023-12-31'),
(93, 'Proyecto 93', 'Cliente 93', 'Descripción Proyecto 93', 143000, 565, '2023-01-01', '2023-12-31'),
(94, 'Proyecto 94', 'Cliente 94', 'Descripción Proyecto 94', 144000, 570, '2023-01-01', '2023-12-31'),
(95, 'Proyecto 95', 'Cliente 95', 'Descripción Proyecto 95', 145000, 575, '2023-01-01', '2023-12-31'),
(96, 'Proyecto 96', 'Cliente 96', 'Descripción Proyecto 96', 146000, 580, '2023-01-01', '2023-12-31'),
(97, 'Proyecto 97', 'Cliente 97', 'Descripción Proyecto 97', 147000, 585, '2023-01-01', '2023-12-31'),
(98, 'Proyecto 98', 'Cliente 98', 'Descripción Proyecto 98', 148000, 590, '2023-01-01', '2023-12-31'),
(99, 'Proyecto 99', 'Cliente 99', 'Descripción Proyecto 99', 149000, 595, '2023-01-01', '2023-12-31'),
(100, 'Proyecto 100', 'Cliente 100', 'Descripción Proyecto 100', 150000, 600, '2023-01-01', '2023-12-31');



INSERT INTO Fase (codigo_fase, nombre, estado, fecha_inicio, fecha_fin, codigo_proyecto)
VALUES
(1, 'Fase 1 del Proyecto 2', 'Finalizado', '2023-02-01', '2023-03-01', 2),
(2, 'Fase 2 del Proyecto 3', 'En Progreso', '2023-03-01', '2023-04-01', 3),
(3, 'Fase 3 del Proyecto 4', 'Finalizado', '2023-04-01', '2023-05-01', 4),
(4, 'Fase 4 del Proyecto 5', 'En Progreso', '2023-05-01', '2023-06-01', 5),
(5, 'Fase 5 del Proyecto 6', 'Finalizado', '2023-06-01', '2023-07-01', 6),
(6, 'Fase 6 del Proyecto 7', 'En Progreso', '2023-07-01', '2023-08-01', 7),
(7, 'Fase 7 del Proyecto 8', 'Finalizado', '2023-08-01', '2023-09-01', 8),
(8, 'Fase 8 del Proyecto 9', 'En Progreso', '2023-09-01', '2023-10-01', 9),
(9, 'Fase 9 del Proyecto 10', 'Finalizado', '2023-10-01', '2023-11-01', 10),
(10, 'Fase 10 del Proyecto 11', 'En Progreso', '2023-11-01', '2023-12-01', 11),
(11, 'Fase 11 del Proyecto 12', 'Finalizado', '2023-12-01', '2023-12-30', 12),
(12, 'Fase 12 del Proyecto 13', 'En Progreso', '2023-01-01', '2023-02-01', 13),
(13, 'Fase 13 del Proyecto 14', 'Finalizado', '2023-02-01', '2023-03-01', 14),
(14, 'Fase 14 del Proyecto 15', 'En Progreso', '2023-03-01', '2023-04-01', 15),
(15, 'Fase 15 del Proyecto 16', 'Finalizado', '2023-04-01', '2023-05-01', 16),
(16, 'Fase 16 del Proyecto 17', 'En Progreso', '2023-05-01', '2023-06-01', 17),
(17, 'Fase 17 del Proyecto 18', 'Finalizado', '2023-06-01', '2023-07-01', 18),
(18, 'Fase 18 del Proyecto 19', 'En Progreso', '2023-07-01', '2023-08-01', 19),
(19, 'Fase 19 del Proyecto 20', 'Finalizado', '2023-08-01', '2023-09-01', 20),
(20, 'Fase 20 del Proyecto 21', 'En Progreso', '2023-09-01', '2023-10-01', 21),
(21, 'Fase 21 del Proyecto 22', 'Finalizado', '2023-10-01', '2023-11-01', 22),
(22, 'Fase 22 del Proyecto 23', 'En Progreso', '2023-11-01', '2023-12-01', 23),
(23, 'Fase 23 del Proyecto 24', 'Finalizado', '2023-12-01', '2023-12-30', 24),
(24, 'Fase 24 del Proyecto 25', 'En Progreso', '2023-01-01', '2023-02-01', 25),
(25, 'Fase 25 del Proyecto 26', 'Finalizado', '2023-02-01', '2023-03-01', 26),
(26, 'Fase 26 del Proyecto 27', 'En Progreso', '2023-03-01', '2023-04-01', 27),
(27, 'Fase 27 del Proyecto 28', 'Finalizado', '2023-04-01', '2023-05-01', 28),
(28, 'Fase 28 del Proyecto 29', 'En Progreso', '2023-05-01', '2023-06-01', 29),
(29, 'Fase 29 del Proyecto 30', 'Finalizado', '2023-06-01', '2023-07-01', 30),
(30, 'Fase 30 del Proyecto 31', 'En Progreso', '2023-07-01', '2023-08-01', 31),
(31, 'Fase 31 del Proyecto 32', 'Finalizado', '2023-08-01', '2023-09-01', 32),
(32, 'Fase 32 del Proyecto 33', 'En Progreso', '2023-09-01', '2023-10-01', 33),
(33, 'Fase 33 del Proyecto 34', 'Finalizado', '2023-10-01', '2023-11-01', 34),
(34, 'Fase 34 del Proyecto 35', 'En Progreso', '2023-11-01', '2023-12-01', 35),
(35, 'Fase 35 del Proyecto 36', 'Finalizado', '2023-12-01', '2023-12-30', 36),
(36, 'Fase 36 del Proyecto 37', 'En Progreso', '2023-01-01', '2023-02-01', 37),
(37, 'Fase 37 del Proyecto 38', 'Finalizado', '2023-02-01', '2023-03-01', 38),
(38, 'Fase 38 del Proyecto 39', 'En Progreso', '2023-03-01', '2023-04-01', 39),
(39, 'Fase 39 del Proyecto 40', 'Finalizado', '2023-04-01', '2023-05-01', 40),
(40, 'Fase 40 del Proyecto 41', 'En Progreso', '2023-05-01', '2023-06-01', 41),
(41, 'Fase 41 del Proyecto 42', 'Finalizado', '2023-06-01', '2023-07-01', 42),
(42, 'Fase 42 del Proyecto 43', 'En Progreso', '2023-07-01', '2023-08-01', 43),
(43, 'Fase 43 del Proyecto 44', 'Finalizado', '2023-08-01', '2023-09-01', 44),
(44, 'Fase 44 del Proyecto 45', 'En Progreso', '2023-09-01', '2023-10-01', 45),
(45, 'Fase 45 del Proyecto 46', 'Finalizado', '2023-10-01', '2023-11-01', 46),
(46, 'Fase 46 del Proyecto 47', 'En Progreso', '2023-11-01', '2023-12-01', 47),
(47, 'Fase 47 del Proyecto 48', 'Finalizado', '2023-12-01', '2023-12-30', 48),
(48, 'Fase 48 del Proyecto 49', 'En Progreso', '2023-01-01', '2023-02-01', 49),
(49, 'Fase 49 del Proyecto 50', 'Finalizado', '2023-02-01', '2023-03-01', 50),
(50, 'Fase 50 del Proyecto 51', 'En Progreso', '2023-03-01', '2023-04-01', 51),
(51, 'Fase 51 del Proyecto 52', 'Finalizado', '2023-04-01', '2023-05-01', 52),
(52, 'Fase 52 del Proyecto 53', 'En Progreso', '2023-05-01', '2023-06-01', 53),
(53, 'Fase 53 del Proyecto 54', 'Finalizado', '2023-06-01', '2023-07-01', 54),
(54, 'Fase 54 del Proyecto 55', 'En Progreso', '2023-07-01', '2023-08-01', 55),
(55, 'Fase 55 del Proyecto 56', 'Finalizado', '2023-08-01', '2023-09-01', 56),
(56, 'Fase 56 del Proyecto 57', 'En Progreso', '2023-09-01', '2023-10-01', 57),
(57, 'Fase 57 del Proyecto 58', 'Finalizado', '2023-10-01', '2023-11-01', 58),
(58, 'Fase 58 del Proyecto 59', 'En Progreso', '2023-11-01', '2023-12-01', 59),
(59, 'Fase 59 del Proyecto 60', 'Finalizado', '2023-12-01', '2023-12-30', 60),
(60, 'Fase 60 del Proyecto 61', 'En Progreso', '2023-01-01', '2023-02-01', 61),
(61, 'Fase 61 del Proyecto 62', 'Finalizado', '2023-02-01', '2023-03-01', 62),
(62, 'Fase 62 del Proyecto 63', 'En Progreso', '2023-03-01', '2023-04-01', 63),
(63, 'Fase 63 del Proyecto 64', 'Finalizado', '2023-04-01', '2023-05-01', 64),
(64, 'Fase 64 del Proyecto 65', 'En Progreso', '2023-05-01', '2023-06-01', 65),
(65, 'Fase 65 del Proyecto 66', 'Finalizado', '2023-06-01', '2023-07-01', 66),
(66, 'Fase 66 del Proyecto 67', 'En Progreso', '2023-07-01', '2023-08-01', 67),
(67, 'Fase 67 del Proyecto 68', 'Finalizado', '2023-08-01', '2023-09-01', 68),
(68, 'Fase 68 del Proyecto 69', 'En Progreso', '2023-09-01', '2023-10-01', 69),
(69, 'Fase 69 del Proyecto 70', 'Finalizado', '2023-10-01', '2023-11-01', 70),
(70, 'Fase 70 del Proyecto 71', 'En Progreso', '2023-11-01', '2023-12-01', 71),
(71, 'Fase 71 del Proyecto 72', 'Finalizado', '2023-12-01', '2023-12-30', 72),
(72, 'Fase 72 del Proyecto 73', 'En Progreso', '2023-01-01', '2023-02-01', 73),
(73, 'Fase 73 del Proyecto 74', 'Finalizado', '2023-02-01', '2023-03-01', 74),
(74, 'Fase 74 del Proyecto 75', 'En Progreso', '2023-03-01', '2023-04-01', 75),
(75, 'Fase 75 del Proyecto 76', 'Finalizado', '2023-04-01', '2023-05-01', 76),
(76, 'Fase 76 del Proyecto 77', 'En Progreso', '2023-05-01', '2023-06-01', 77),
(77, 'Fase 77 del Proyecto 78', 'Finalizado', '2023-06-01', '2023-07-01', 78),
(78, 'Fase 78 del Proyecto 79', 'En Progreso', '2023-07-01', '2023-08-01', 79),
(79, 'Fase 79 del Proyecto 80', 'Finalizado', '2023-08-01', '2023-09-01', 80),
(80, 'Fase 80 del Proyecto 81', 'En Progreso', '2023-09-01', '2023-10-01', 81),
(81, 'Fase 81 del Proyecto 82', 'Finalizado', '2023-10-01', '2023-11-01', 82),
(82, 'Fase 82 del Proyecto 83', 'En Progreso', '2023-11-01', '2023-12-01', 83),
(83, 'Fase 83 del Proyecto 84', 'Finalizado', '2023-12-01', '2023-12-30', 84),
(84, 'Fase 84 del Proyecto 85', 'En Progreso', '2023-01-01', '2023-02-01', 85),
(85, 'Fase 85 del Proyecto 86', 'Finalizado', '2023-02-01', '2023-03-01', 86),
(86, 'Fase 86 del Proyecto 87', 'En Progreso', '2023-03-01', '2023-04-01', 87),
(87, 'Fase 87 del Proyecto 88', 'Finalizado', '2023-04-01', '2023-05-01', 88),
(88, 'Fase 88 del Proyecto 89', 'En Progreso', '2023-05-01', '2023-06-01', 89),
(89, 'Fase 89 del Proyecto 90', 'Finalizado', '2023-06-01', '2023-07-01', 90),
(90, 'Fase 90 del Proyecto 91', 'En Progreso', '2023-07-01', '2023-08-01', 91),
(91, 'Fase 91 del Proyecto 92', 'Finalizado', '2023-08-01', '2023-09-01', 92),
(92, 'Fase 92 del Proyecto 93', 'En Progreso', '2023-09-01', '2023-10-01', 93),
(93, 'Fase 93 del Proyecto 94', 'Finalizado', '2023-10-01', '2023-11-01', 94),
(94, 'Fase 94 del Proyecto 95', 'En Progreso', '2023-11-01', '2023-12-01', 95),
(95, 'Fase 95 del Proyecto 96', 'Finalizado', '2023-12-01', '2023-12-30', 96),
(96, 'Fase 96 del Proyecto 97', 'En Progreso', '2023-01-01', '2023-02-01', 97),
(97, 'Fase 97 del Proyecto 98', 'Finalizado', '2023-02-01', '2023-03-01', 98),
(98, 'Fase 98 del Proyecto 99', 'En Progreso', '2023-03-01', '2023-04-01', 99),
(99, 'Fase 99 del Proyecto 100', 'Finalizado', '2023-04-01', '2023-05-01', 100),
(100, 'Fase 100 del Proyecto 1', 'En Progreso', '2023-05-01', '2023-06-01', 1),
(101, 'Fase 101 del Proyecto 2', 'Finalizado', '2023-06-01', '2023-07-01', 2),
(102, 'Fase 102 del Proyecto 3', 'En Progreso', '2023-07-01', '2023-08-01', 3),
(103, 'Fase 103 del Proyecto 4', 'Finalizado', '2023-08-01', '2023-09-01', 4),
(104, 'Fase 104 del Proyecto 5', 'En Progreso', '2023-09-01', '2023-10-01', 5),
(105, 'Fase 105 del Proyecto 6', 'Finalizado', '2023-10-01', '2023-11-01', 6),
(106, 'Fase 106 del Proyecto 7', 'En Progreso', '2023-11-01', '2023-12-01', 7),
(107, 'Fase 107 del Proyecto 8', 'Finalizado', '2023-12-01', '2023-12-30', 8),
(108, 'Fase 108 del Proyecto 9', 'En Progreso', '2023-01-01', '2023-02-01', 9),
(109, 'Fase 109 del Proyecto 10', 'Finalizado', '2023-02-01', '2023-03-01', 10),
(110, 'Fase 110 del Proyecto 11', 'En Progreso', '2023-03-01', '2023-04-01', 11),
(111, 'Fase 111 del Proyecto 12', 'Finalizado', '2023-04-01', '2023-05-01', 12),
(112, 'Fase 112 del Proyecto 13', 'En Progreso', '2023-05-01', '2023-06-01', 13),
(113, 'Fase 113 del Proyecto 14', 'Finalizado', '2023-06-01', '2023-07-01', 14),
(114, 'Fase 114 del Proyecto 15', 'En Progreso', '2023-07-01', '2023-08-01', 15),
(115, 'Fase 115 del Proyecto 16', 'Finalizado', '2023-08-01', '2023-09-01', 16),
(116, 'Fase 116 del Proyecto 17', 'En Progreso', '2023-09-01', '2023-10-01', 17),
(117, 'Fase 117 del Proyecto 18', 'Finalizado', '2023-10-01', '2023-11-01', 18),
(118, 'Fase 118 del Proyecto 19', 'En Progreso', '2023-11-01', '2023-12-01', 19),
(119, 'Fase 119 del Proyecto 20', 'Finalizado', '2023-12-01', '2023-12-30', 20),
(120, 'Fase 120 del Proyecto 21', 'En Progreso', '2023-01-01', '2023-02-01', 21),
(121, 'Fase 121 del Proyecto 22', 'Finalizado', '2023-02-01', '2023-03-01', 22),
(122, 'Fase 122 del Proyecto 23', 'En Progreso', '2023-03-01', '2023-04-01', 23),
(123, 'Fase 123 del Proyecto 24', 'Finalizado', '2023-04-01', '2023-05-01', 24),
(124, 'Fase 124 del Proyecto 25', 'En Progreso', '2023-05-01', '2023-06-01', 25),
(125, 'Fase 125 del Proyecto 26', 'Finalizado', '2023-06-01', '2023-07-01', 26),
(126, 'Fase 126 del Proyecto 27', 'En Progreso', '2023-07-01', '2023-08-01', 27),
(127, 'Fase 127 del Proyecto 28', 'Finalizado', '2023-08-01', '2023-09-01', 28),
(128, 'Fase 128 del Proyecto 29', 'En Progreso', '2023-09-01', '2023-10-01', 29),
(129, 'Fase 129 del Proyecto 30', 'Finalizado', '2023-10-01', '2023-11-01', 30),
(130, 'Fase 130 del Proyecto 31', 'En Progreso', '2023-11-01', '2023-12-01', 31),
(131, 'Fase 131 del Proyecto 32', 'Finalizado', '2023-12-01', '2023-12-30', 32),
(132, 'Fase 132 del Proyecto 33', 'En Progreso', '2023-01-01', '2023-02-01', 33),
(133, 'Fase 133 del Proyecto 34', 'Finalizado', '2023-02-01', '2023-03-01', 34),
(134, 'Fase 134 del Proyecto 35', 'En Progreso', '2023-03-01', '2023-04-01', 35),
(135, 'Fase 135 del Proyecto 36', 'Finalizado', '2023-04-01', '2023-05-01', 36),
(136, 'Fase 136 del Proyecto 37', 'En Progreso', '2023-05-01', '2023-06-01', 37),
(137, 'Fase 137 del Proyecto 38', 'Finalizado', '2023-06-01', '2023-07-01', 38),
(138, 'Fase 138 del Proyecto 39', 'En Progreso', '2023-07-01', '2023-08-01', 39),
(139, 'Fase 139 del Proyecto 40', 'Finalizado', '2023-08-01', '2023-09-01', 40),
(140, 'Fase 140 del Proyecto 41', 'En Progreso', '2023-09-01', '2023-10-01', 41),
(141, 'Fase 141 del Proyecto 42', 'Finalizado', '2023-10-01', '2023-11-01', 42),
(142, 'Fase 142 del Proyecto 43', 'En Progreso', '2023-11-01', '2023-12-01', 43),
(143, 'Fase 143 del Proyecto 44', 'Finalizado', '2023-12-01', '2023-12-30', 44),
(144, 'Fase 144 del Proyecto 45', 'En Progreso', '2023-01-01', '2023-02-01', 45),
(145, 'Fase 145 del Proyecto 46', 'Finalizado', '2023-02-01', '2023-03-01', 46),
(146, 'Fase 146 del Proyecto 47', 'En Progreso', '2023-03-01', '2023-04-01', 47),
(147, 'Fase 147 del Proyecto 48', 'Finalizado', '2023-04-01', '2023-05-01', 48),
(148, 'Fase 148 del Proyecto 49', 'En Progreso', '2023-05-01', '2023-06-01', 49),
(149, 'Fase 149 del Proyecto 50', 'Finalizado', '2023-06-01', '2023-07-01', 50),
(150, 'Fase 150 del Proyecto 51', 'En Progreso', '2023-07-01', '2023-08-01', 51),
(151, 'Fase 151 del Proyecto 52', 'Finalizado', '2023-08-01', '2023-09-01', 52),
(152, 'Fase 152 del Proyecto 53', 'En Progreso', '2023-09-01', '2023-10-01', 53),
(153, 'Fase 153 del Proyecto 54', 'Finalizado', '2023-10-01', '2023-11-01', 54),
(154, 'Fase 154 del Proyecto 55', 'En Progreso', '2023-11-01', '2023-12-01', 55),
(155, 'Fase 155 del Proyecto 56', 'Finalizado', '2023-12-01', '2023-12-30', 56),
(156, 'Fase 156 del Proyecto 57', 'En Progreso', '2023-01-01', '2023-02-01', 57),
(157, 'Fase 157 del Proyecto 58', 'Finalizado', '2023-02-01', '2023-03-01', 58),
(158, 'Fase 158 del Proyecto 59', 'En Progreso', '2023-03-01', '2023-04-01', 59),
(159, 'Fase 159 del Proyecto 60', 'Finalizado', '2023-04-01', '2023-05-01', 60),
(160, 'Fase 160 del Proyecto 61', 'En Progreso', '2023-05-01', '2023-06-01', 61),
(161, 'Fase 161 del Proyecto 62', 'Finalizado', '2023-06-01', '2023-07-01', 62),
(162, 'Fase 162 del Proyecto 63', 'En Progreso', '2023-07-01', '2023-08-01', 63),
(163, 'Fase 163 del Proyecto 64', 'Finalizado', '2023-08-01', '2023-09-01', 64),
(164, 'Fase 164 del Proyecto 65', 'En Progreso', '2023-09-01', '2023-10-01', 65),
(165, 'Fase 165 del Proyecto 66', 'Finalizado', '2023-10-01', '2023-11-01', 66),
(166, 'Fase 166 del Proyecto 67', 'En Progreso', '2023-11-01', '2023-12-01', 67),
(167, 'Fase 167 del Proyecto 68', 'Finalizado', '2023-12-01', '2023-12-30', 68),
(168, 'Fase 168 del Proyecto 69', 'En Progreso', '2023-01-01', '2023-02-01', 69),
(169, 'Fase 169 del Proyecto 70', 'Finalizado', '2023-02-01', '2023-03-01', 70),
(170, 'Fase 170 del Proyecto 71', 'En Progreso', '2023-03-01', '2023-04-01', 71),
(171, 'Fase 171 del Proyecto 72', 'Finalizado', '2023-04-01', '2023-05-01', 72),
(172, 'Fase 172 del Proyecto 73', 'En Progreso', '2023-05-01', '2023-06-01', 73),
(173, 'Fase 173 del Proyecto 74', 'Finalizado', '2023-06-01', '2023-07-01', 74),
(174, 'Fase 174 del Proyecto 75', 'En Progreso', '2023-07-01', '2023-08-01', 75),
(175, 'Fase 175 del Proyecto 76', 'Finalizado', '2023-08-01', '2023-09-01', 76),
(176, 'Fase 176 del Proyecto 77', 'En Progreso', '2023-09-01', '2023-10-01', 77),
(177, 'Fase 177 del Proyecto 78', 'Finalizado', '2023-10-01', '2023-11-01', 78),
(178, 'Fase 178 del Proyecto 79', 'En Progreso', '2023-11-01', '2023-12-01', 79),
(179, 'Fase 179 del Proyecto 80', 'Finalizado', '2023-12-01', '2023-12-30', 80),
(180, 'Fase 180 del Proyecto 81', 'En Progreso', '2023-01-01', '2023-02-01', 81),
(181, 'Fase 181 del Proyecto 82', 'Finalizado', '2023-02-01', '2023-03-01', 82),
(182, 'Fase 182 del Proyecto 83', 'En Progreso', '2023-03-01', '2023-04-01', 83),
(183, 'Fase 183 del Proyecto 84', 'Finalizado', '2023-04-01', '2023-05-01', 84),
(184, 'Fase 184 del Proyecto 85', 'En Progreso', '2023-05-01', '2023-06-01', 85),
(185, 'Fase 185 del Proyecto 86', 'Finalizado', '2023-06-01', '2023-07-01', 86),
(186, 'Fase 186 del Proyecto 87', 'En Progreso', '2023-07-01', '2023-08-01', 87),
(187, 'Fase 187 del Proyecto 88', 'Finalizado', '2023-08-01', '2023-09-01', 88),
(188, 'Fase 188 del Proyecto 89', 'En Progreso', '2023-09-01', '2023-10-01', 89),
(189, 'Fase 189 del Proyecto 90', 'Finalizado', '2023-10-01', '2023-11-01', 90),
(190, 'Fase 190 del Proyecto 91', 'En Progreso', '2023-11-01', '2023-12-01', 91),
(191, 'Fase 191 del Proyecto 92', 'Finalizado', '2023-12-01', '2023-12-30', 92),
(192, 'Fase 192 del Proyecto 93', 'En Progreso', '2023-01-01', '2023-02-01', 93),
(193, 'Fase 193 del Proyecto 94', 'Finalizado', '2023-02-01', '2023-03-01', 94),
(194, 'Fase 194 del Proyecto 95', 'En Progreso', '2023-03-01', '2023-04-01', 95),
(195, 'Fase 195 del Proyecto 96', 'Finalizado', '2023-04-01', '2023-05-01', 96),
(196, 'Fase 196 del Proyecto 97', 'En Progreso', '2023-05-01', '2023-06-01', 97),
(197, 'Fase 197 del Proyecto 98', 'Finalizado', '2023-06-01', '2023-07-01', 98),
(198, 'Fase 198 del Proyecto 99', 'En Progreso', '2023-07-01', '2023-08-01', 99),
(199, 'Fase 199 del Proyecto 100', 'Finalizado', '2023-08-01', '2023-09-01', 100),
(200, 'Fase 200 del Proyecto 1', 'En Progreso', '2023-09-01', '2023-10-01', 1),
(201, 'Fase 201 del Proyecto 2', 'Finalizado', '2023-10-01', '2023-11-01', 2),
(202, 'Fase 202 del Proyecto 3', 'En Progreso', '2023-11-01', '2023-12-01', 3),
(203, 'Fase 203 del Proyecto 4', 'Finalizado', '2023-12-01', '2023-12-30', 4),
(204, 'Fase 204 del Proyecto 5', 'En Progreso', '2023-01-01', '2023-02-01', 5),
(205, 'Fase 205 del Proyecto 6', 'Finalizado', '2023-02-01', '2023-03-01', 6),
(206, 'Fase 206 del Proyecto 7', 'En Progreso', '2023-03-01', '2023-04-01', 7),
(207, 'Fase 207 del Proyecto 8', 'Finalizado', '2023-04-01', '2023-05-01', 8),
(208, 'Fase 208 del Proyecto 9', 'En Progreso', '2023-05-01', '2023-06-01', 9),
(209, 'Fase 209 del Proyecto 10', 'Finalizado', '2023-06-01', '2023-07-01', 10),
(210, 'Fase 210 del Proyecto 11', 'En Progreso', '2023-07-01', '2023-08-01', 11),
(211, 'Fase 211 del Proyecto 12', 'Finalizado', '2023-08-01', '2023-09-01', 12),
(212, 'Fase 212 del Proyecto 13', 'En Progreso', '2023-09-01', '2023-10-01', 13),
(213, 'Fase 213 del Proyecto 14', 'Finalizado', '2023-10-01', '2023-11-01', 14),
(214, 'Fase 214 del Proyecto 15', 'En Progreso', '2023-11-01', '2023-12-01', 15),
(215, 'Fase 215 del Proyecto 16', 'Finalizado', '2023-12-01', '2023-12-30', 16),
(216, 'Fase 216 del Proyecto 17', 'En Progreso', '2023-01-01', '2023-02-01', 17),
(217, 'Fase 217 del Proyecto 18', 'Finalizado', '2023-02-01', '2023-03-01', 18),
(218, 'Fase 218 del Proyecto 19', 'En Progreso', '2023-03-01', '2023-04-01', 19),
(219, 'Fase 219 del Proyecto 20', 'Finalizado', '2023-04-01', '2023-05-01', 20),
(220, 'Fase 220 del Proyecto 21', 'En Progreso', '2023-05-01', '2023-06-01', 21),
(221, 'Fase 221 del Proyecto 22', 'Finalizado', '2023-06-01', '2023-07-01', 22),
(222, 'Fase 222 del Proyecto 23', 'En Progreso', '2023-07-01', '2023-08-01', 23),
(223, 'Fase 223 del Proyecto 24', 'Finalizado', '2023-08-01', '2023-09-01', 24),
(224, 'Fase 224 del Proyecto 25', 'En Progreso', '2023-09-01', '2023-10-01', 25),
(225, 'Fase 225 del Proyecto 26', 'Finalizado', '2023-10-01', '2023-11-01', 26),
(226, 'Fase 226 del Proyecto 27', 'En Progreso', '2023-11-01', '2023-12-01', 27),
(227, 'Fase 227 del Proyecto 28', 'Finalizado', '2023-12-01', '2023-12-30', 28),
(228, 'Fase 228 del Proyecto 29', 'En Progreso', '2023-01-01', '2023-02-01', 29),
(229, 'Fase 229 del Proyecto 30', 'Finalizado', '2023-02-01', '2023-03-01', 30),
(230, 'Fase 230 del Proyecto 31', 'En Progreso', '2023-03-01', '2023-04-01', 31),
(231, 'Fase 231 del Proyecto 32', 'Finalizado', '2023-04-01', '2023-05-01', 32),
(232, 'Fase 232 del Proyecto 33', 'En Progreso', '2023-05-01', '2023-06-01', 33),
(233, 'Fase 233 del Proyecto 34', 'Finalizado', '2023-06-01', '2023-07-01', 34),
(234, 'Fase 234 del Proyecto 35', 'En Progreso', '2023-07-01', '2023-08-01', 35),
(235, 'Fase 235 del Proyecto 36', 'Finalizado', '2023-08-01', '2023-09-01', 36),
(236, 'Fase 236 del Proyecto 37', 'En Progreso', '2023-09-01', '2023-10-01', 37),
(237, 'Fase 237 del Proyecto 38', 'Finalizado', '2023-10-01', '2023-11-01', 38),
(238, 'Fase 238 del Proyecto 39', 'En Progreso', '2023-11-01', '2023-12-01', 39),
(239, 'Fase 239 del Proyecto 40', 'Finalizado', '2023-12-01', '2023-12-30', 40),
(240, 'Fase 240 del Proyecto 41', 'En Progreso', '2023-01-01', '2023-02-01', 41),
(241, 'Fase 241 del Proyecto 42', 'Finalizado', '2023-02-01', '2023-03-01', 42),
(242, 'Fase 242 del Proyecto 43', 'En Progreso', '2023-03-01', '2023-04-01', 43),
(243, 'Fase 243 del Proyecto 44', 'Finalizado', '2023-04-01', '2023-05-01', 44),
(244, 'Fase 244 del Proyecto 45', 'En Progreso', '2023-05-01', '2023-06-01', 45),
(245, 'Fase 245 del Proyecto 46', 'Finalizado', '2023-06-01', '2023-07-01', 46),
(246, 'Fase 246 del Proyecto 47', 'En Progreso', '2023-07-01', '2023-08-01', 47),
(247, 'Fase 247 del Proyecto 48', 'Finalizado', '2023-08-01', '2023-09-01', 48),
(248, 'Fase 248 del Proyecto 49', 'En Progreso', '2023-09-01', '2023-10-01', 49),
(249, 'Fase 249 del Proyecto 50', 'Finalizado', '2023-10-01', '2023-11-01', 50),
(250, 'Fase 250 del Proyecto 51', 'En Progreso', '2023-11-01', '2023-12-01', 51),
(251, 'Fase 251 del Proyecto 52', 'Finalizado', '2023-12-01', '2023-12-30', 52),
(252, 'Fase 252 del Proyecto 53', 'En Progreso', '2023-01-01', '2023-02-01', 53),
(253, 'Fase 253 del Proyecto 54', 'Finalizado', '2023-02-01', '2023-03-01', 54),
(254, 'Fase 254 del Proyecto 55', 'En Progreso', '2023-03-01', '2023-04-01', 55),
(255, 'Fase 255 del Proyecto 56', 'Finalizado', '2023-04-01', '2023-05-01', 56),
(256, 'Fase 256 del Proyecto 57', 'En Progreso', '2023-05-01', '2023-06-01', 57),
(257, 'Fase 257 del Proyecto 58', 'Finalizado', '2023-06-01', '2023-07-01', 58),
(258, 'Fase 258 del Proyecto 59', 'En Progreso', '2023-07-01', '2023-08-01', 59),
(259, 'Fase 259 del Proyecto 60', 'Finalizado', '2023-08-01', '2023-09-01', 60),
(260, 'Fase 260 del Proyecto 61', 'En Progreso', '2023-09-01', '2023-10-01', 61),
(261, 'Fase 261 del Proyecto 62', 'Finalizado', '2023-10-01', '2023-11-01', 62),
(262, 'Fase 262 del Proyecto 63', 'En Progreso', '2023-11-01', '2023-12-01', 63),
(263, 'Fase 263 del Proyecto 64', 'Finalizado', '2023-12-01', '2023-12-30', 64),
(264, 'Fase 264 del Proyecto 65', 'En Progreso', '2023-01-01', '2023-02-01', 65),
(265, 'Fase 265 del Proyecto 66', 'Finalizado', '2023-02-01', '2023-03-01', 66),
(266, 'Fase 266 del Proyecto 67', 'En Progreso', '2023-03-01', '2023-04-01', 67),
(267, 'Fase 267 del Proyecto 68', 'Finalizado', '2023-04-01', '2023-05-01', 68),
(268, 'Fase 268 del Proyecto 69', 'En Progreso', '2023-05-01', '2023-06-01', 69),
(269, 'Fase 269 del Proyecto 70', 'Finalizado', '2023-06-01', '2023-07-01', 70),
(270, 'Fase 270 del Proyecto 71', 'En Progreso', '2023-07-01', '2023-08-01', 71),
(271, 'Fase 271 del Proyecto 72', 'Finalizado', '2023-08-01', '2023-09-01', 72),
(272, 'Fase 272 del Proyecto 73', 'En Progreso', '2023-09-01', '2023-10-01', 73),
(273, 'Fase 273 del Proyecto 74', 'Finalizado', '2023-10-01', '2023-11-01', 74),
(274, 'Fase 274 del Proyecto 75', 'En Progreso', '2023-11-01', '2023-12-01', 75),
(275, 'Fase 275 del Proyecto 76', 'Finalizado', '2023-12-01', '2023-12-30', 76),
(276, 'Fase 276 del Proyecto 77', 'En Progreso', '2023-01-01', '2023-02-01', 77),
(277, 'Fase 277 del Proyecto 78', 'Finalizado', '2023-02-01', '2023-03-01', 78),
(278, 'Fase 278 del Proyecto 79', 'En Progreso', '2023-03-01', '2023-04-01', 79),
(279, 'Fase 279 del Proyecto 80', 'Finalizado', '2023-04-01', '2023-05-01', 80),
(280, 'Fase 280 del Proyecto 81', 'En Progreso', '2023-05-01', '2023-06-01', 81),
(281, 'Fase 281 del Proyecto 82', 'Finalizado', '2023-06-01', '2023-07-01', 82),
(282, 'Fase 282 del Proyecto 83', 'En Progreso', '2023-07-01', '2023-08-01', 83),
(283, 'Fase 283 del Proyecto 84', 'Finalizado', '2023-08-01', '2023-09-01', 84),
(284, 'Fase 284 del Proyecto 85', 'En Progreso', '2023-09-01', '2023-10-01', 85),
(285, 'Fase 285 del Proyecto 86', 'Finalizado', '2023-10-01', '2023-11-01', 86),
(286, 'Fase 286 del Proyecto 87', 'En Progreso', '2023-11-01', '2023-12-01', 87),
(287, 'Fase 287 del Proyecto 88', 'Finalizado', '2023-12-01', '2023-12-30', 88),
(288, 'Fase 288 del Proyecto 89', 'En Progreso', '2023-01-01', '2023-02-01', 89),
(289, 'Fase 289 del Proyecto 90', 'Finalizado', '2023-02-01', '2023-03-01', 90),
(290, 'Fase 290 del Proyecto 91', 'En Progreso', '2023-03-01', '2023-04-01', 91),
(291, 'Fase 291 del Proyecto 92', 'Finalizado', '2023-04-01', '2023-05-01', 92),
(292, 'Fase 292 del Proyecto 93', 'En Progreso', '2023-05-01', '2023-06-01', 93),
(293, 'Fase 293 del Proyecto 94', 'Finalizado', '2023-06-01', '2023-07-01', 94),
(294, 'Fase 294 del Proyecto 95', 'En Progreso', '2023-07-01', '2023-08-01', 95),
(295, 'Fase 295 del Proyecto 96', 'Finalizado', '2023-08-01', '2023-09-01', 96),
(296, 'Fase 296 del Proyecto 97', 'En Progreso', '2023-09-01', '2023-10-01', 97),
(297, 'Fase 297 del Proyecto 98', 'Finalizado', '2023-10-01', '2023-11-01', 98),
(298, 'Fase 298 del Proyecto 99', 'En Progreso', '2023-11-01', '2023-12-01', 99),
(299, 'Fase 299 del Proyecto 100', 'Finalizado', '2023-12-01', '2023-12-30', 100),
(300, 'Fase 300 del Proyecto 1', 'En Progreso', '2023-01-01', '2023-02-01', 1),
(301, 'Fase 301 del Proyecto 2', 'Finalizado', '2023-02-01', '2023-03-01', 2),
(302, 'Fase 302 del Proyecto 3', 'En Progreso', '2023-03-01', '2023-04-01', 3),
(303, 'Fase 303 del Proyecto 4', 'Finalizado', '2023-04-01', '2023-05-01', 4),
(304, 'Fase 304 del Proyecto 5', 'En Progreso', '2023-05-01', '2023-06-01', 5),
(305, 'Fase 305 del Proyecto 6', 'Finalizado', '2023-06-01', '2023-07-01', 6),
(306, 'Fase 306 del Proyecto 7', 'En Progreso', '2023-07-01', '2023-08-01', 7),
(307, 'Fase 307 del Proyecto 8', 'Finalizado', '2023-08-01', '2023-09-01', 8),
(308, 'Fase 308 del Proyecto 9', 'En Progreso', '2023-09-01', '2023-10-01', 9),
(309, 'Fase 309 del Proyecto 10', 'Finalizado', '2023-10-01', '2023-11-01', 10),
(310, 'Fase 310 del Proyecto 11', 'En Progreso', '2023-11-01', '2023-12-01', 11),
(311, 'Fase 311 del Proyecto 12', 'Finalizado', '2023-12-01', '2023-12-30', 12),
(312, 'Fase 312 del Proyecto 13', 'En Progreso', '2023-01-01', '2023-02-01', 13),
(313, 'Fase 313 del Proyecto 14', 'Finalizado', '2023-02-01', '2023-03-01', 14),
(314, 'Fase 314 del Proyecto 15', 'En Progreso', '2023-03-01', '2023-04-01', 15),
(315, 'Fase 315 del Proyecto 16', 'Finalizado', '2023-04-01', '2023-05-01', 16),
(316, 'Fase 316 del Proyecto 17', 'En Progreso', '2023-05-01', '2023-06-01', 17),
(317, 'Fase 317 del Proyecto 18', 'Finalizado', '2023-06-01', '2023-07-01', 18),
(318, 'Fase 318 del Proyecto 19', 'En Progreso', '2023-07-01', '2023-08-01', 19),
(319, 'Fase 319 del Proyecto 20', 'Finalizado', '2023-08-01', '2023-09-01', 20),
(320, 'Fase 320 del Proyecto 21', 'En Progreso', '2023-09-01', '2023-10-01', 21),
(321, 'Fase 321 del Proyecto 22', 'Finalizado', '2023-10-01', '2023-11-01', 22),
(322, 'Fase 322 del Proyecto 23', 'En Progreso', '2023-11-01', '2023-12-01', 23),
(323, 'Fase 323 del Proyecto 24', 'Finalizado', '2023-12-01', '2023-12-30', 24),
(324, 'Fase 324 del Proyecto 25', 'En Progreso', '2023-01-01', '2023-02-01', 25),
(325, 'Fase 325 del Proyecto 26', 'Finalizado', '2023-02-01', '2023-03-01', 26),
(326, 'Fase 326 del Proyecto 27', 'En Progreso', '2023-03-01', '2023-04-01', 27),
(327, 'Fase 327 del Proyecto 28', 'Finalizado', '2023-04-01', '2023-05-01', 28),
(328, 'Fase 328 del Proyecto 29', 'En Progreso', '2023-05-01', '2023-06-01', 29),
(329, 'Fase 329 del Proyecto 30', 'Finalizado', '2023-06-01', '2023-07-01', 30),
(330, 'Fase 330 del Proyecto 31', 'En Progreso', '2023-07-01', '2023-08-01', 31),
(331, 'Fase 331 del Proyecto 32', 'Finalizado', '2023-08-01', '2023-09-01', 32),
(332, 'Fase 332 del Proyecto 33', 'En Progreso', '2023-09-01', '2023-10-01', 33),
(333, 'Fase 333 del Proyecto 34', 'Finalizado', '2023-10-01', '2023-11-01', 34),
(334, 'Fase 334 del Proyecto 35', 'En Progreso', '2023-11-01', '2023-12-01', 35),
(335, 'Fase 335 del Proyecto 36', 'Finalizado', '2023-12-01', '2023-12-30', 36),
(336, 'Fase 336 del Proyecto 37', 'En Progreso', '2023-01-01', '2023-02-01', 37),
(337, 'Fase 337 del Proyecto 38', 'Finalizado', '2023-02-01', '2023-03-01', 38),
(338, 'Fase 338 del Proyecto 39', 'En Progreso', '2023-03-01', '2023-04-01', 39),
(339, 'Fase 339 del Proyecto 40', 'Finalizado', '2023-04-01', '2023-05-01', 40),
(340, 'Fase 340 del Proyecto 41', 'En Progreso', '2023-05-01', '2023-06-01', 41),
(341, 'Fase 341 del Proyecto 42', 'Finalizado', '2023-06-01', '2023-07-01', 42),
(342, 'Fase 342 del Proyecto 43', 'En Progreso', '2023-07-01', '2023-08-01', 43),
(343, 'Fase 343 del Proyecto 44', 'Finalizado', '2023-08-01', '2023-09-01', 44),
(344, 'Fase 344 del Proyecto 45', 'En Progreso', '2023-09-01', '2023-10-01', 45),
(345, 'Fase 345 del Proyecto 46', 'Finalizado', '2023-10-01', '2023-11-01', 46),
(346, 'Fase 346 del Proyecto 47', 'En Progreso', '2023-11-01', '2023-12-01', 47),
(347, 'Fase 347 del Proyecto 48', 'Finalizado', '2023-12-01', '2023-12-30', 48),
(348, 'Fase 348 del Proyecto 49', 'En Progreso', '2023-01-01', '2023-02-01', 49),
(349, 'Fase 349 del Proyecto 50', 'Finalizado', '2023-02-01', '2023-03-01', 50),
(350, 'Fase 350 del Proyecto 51', 'En Progreso', '2023-03-01', '2023-04-01', 51),
(351, 'Fase 351 del Proyecto 52', 'Finalizado', '2023-04-01', '2023-05-01', 52),
(352, 'Fase 352 del Proyecto 53', 'En Progreso', '2023-05-01', '2023-06-01', 53),
(353, 'Fase 353 del Proyecto 54', 'Finalizado', '2023-06-01', '2023-07-01', 54),
(354, 'Fase 354 del Proyecto 55', 'En Progreso', '2023-07-01', '2023-08-01', 55),
(355, 'Fase 355 del Proyecto 56', 'Finalizado', '2023-08-01', '2023-09-01', 56),
(356, 'Fase 356 del Proyecto 57', 'En Progreso', '2023-09-01', '2023-10-01', 57),
(357, 'Fase 357 del Proyecto 58', 'Finalizado', '2023-10-01', '2023-11-01', 58),
(358, 'Fase 358 del Proyecto 59', 'En Progreso', '2023-11-01', '2023-12-01', 59),
(359, 'Fase 359 del Proyecto 60', 'Finalizado', '2023-12-01', '2023-12-30', 60),
(360, 'Fase 360 del Proyecto 61', 'En Progreso', '2023-01-01', '2023-02-01', 61),
(361, 'Fase 361 del Proyecto 62', 'Finalizado', '2023-02-01', '2023-03-01', 62),
(362, 'Fase 362 del Proyecto 63', 'En Progreso', '2023-03-01', '2023-04-01', 63),
(363, 'Fase 363 del Proyecto 64', 'Finalizado', '2023-04-01', '2023-05-01', 64),
(364, 'Fase 364 del Proyecto 65', 'En Progreso', '2023-05-01', '2023-06-01', 65),
(365, 'Fase 365 del Proyecto 66', 'Finalizado', '2023-06-01', '2023-07-01', 66),
(366, 'Fase 366 del Proyecto 67', 'En Progreso', '2023-07-01', '2023-08-01', 67),
(367, 'Fase 367 del Proyecto 68', 'Finalizado', '2023-08-01', '2023-09-01', 68),
(368, 'Fase 368 del Proyecto 69', 'En Progreso', '2023-09-01', '2023-10-01', 69),
(369, 'Fase 369 del Proyecto 70', 'Finalizado', '2023-10-01', '2023-11-01', 70),
(370, 'Fase 370 del Proyecto 71', 'En Progreso', '2023-11-01', '2023-12-01', 71),
(371, 'Fase 371 del Proyecto 72', 'Finalizado', '2023-12-01', '2023-12-30', 72),
(372, 'Fase 372 del Proyecto 73', 'En Progreso', '2023-01-01', '2023-02-01', 73),
(373, 'Fase 373 del Proyecto 74', 'Finalizado', '2023-02-01', '2023-03-01', 74),
(374, 'Fase 374 del Proyecto 75', 'En Progreso', '2023-03-01', '2023-04-01', 75),
(375, 'Fase 375 del Proyecto 76', 'Finalizado', '2023-04-01', '2023-05-01', 76),
(376, 'Fase 376 del Proyecto 77', 'En Progreso', '2023-05-01', '2023-06-01', 77),
(377, 'Fase 377 del Proyecto 78', 'Finalizado', '2023-06-01', '2023-07-01', 78),
(378, 'Fase 378 del Proyecto 79', 'En Progreso', '2023-07-01', '2023-08-01', 79),
(379, 'Fase 379 del Proyecto 80', 'Finalizado', '2023-08-01', '2023-09-01', 80),
(380, 'Fase 380 del Proyecto 81', 'En Progreso', '2023-09-01', '2023-10-01', 81),
(381, 'Fase 381 del Proyecto 82', 'Finalizado', '2023-10-01', '2023-11-01', 82),
(382, 'Fase 382 del Proyecto 83', 'En Progreso', '2023-11-01', '2023-12-01', 83),
(383, 'Fase 383 del Proyecto 84', 'Finalizado', '2023-12-01', '2023-12-30', 84),
(384, 'Fase 384 del Proyecto 85', 'En Progreso', '2023-01-01', '2023-02-01', 85),
(385, 'Fase 385 del Proyecto 86', 'Finalizado', '2023-02-01', '2023-03-01', 86),
(386, 'Fase 386 del Proyecto 87', 'En Progreso', '2023-03-01', '2023-04-01', 87),
(387, 'Fase 387 del Proyecto 88', 'Finalizado', '2023-04-01', '2023-05-01', 88),
(388, 'Fase 388 del Proyecto 89', 'En Progreso', '2023-05-01', '2023-06-01', 89),
(389, 'Fase 389 del Proyecto 90', 'Finalizado', '2023-06-01', '2023-07-01', 90),
(390, 'Fase 390 del Proyecto 91', 'En Progreso', '2023-07-01', '2023-08-01', 91),
(391, 'Fase 391 del Proyecto 92', 'Finalizado', '2023-08-01', '2023-09-01', 92),
(392, 'Fase 392 del Proyecto 93', 'En Progreso', '2023-09-01', '2023-10-01', 93),
(393, 'Fase 393 del Proyecto 94', 'Finalizado', '2023-10-01', '2023-11-01', 94),
(394, 'Fase 394 del Proyecto 95', 'En Progreso', '2023-11-01', '2023-12-01', 95),
(395, 'Fase 395 del Proyecto 96', 'Finalizado', '2023-12-01', '2023-12-30', 96),
(396, 'Fase 396 del Proyecto 97', 'En Progreso', '2023-01-01', '2023-02-01', 97),
(397, 'Fase 397 del Proyecto 98', 'Finalizado', '2023-02-01', '2023-03-01', 98),
(398, 'Fase 398 del Proyecto 99', 'En Progreso', '2023-03-01', '2023-04-01', 99),
(399, 'Fase 399 del Proyecto 100', 'Finalizado', '2023-04-01', '2023-05-01', 100),
(400, 'Fase 400 del Proyecto 1', 'En Progreso', '2023-05-01', '2023-06-01', 1),
(401, 'Fase 401 del Proyecto 2', 'Finalizado', '2023-06-01', '2023-07-01', 2),
(402, 'Fase 402 del Proyecto 3', 'En Progreso', '2023-07-01', '2023-08-01', 3),
(403, 'Fase 403 del Proyecto 4', 'Finalizado', '2023-08-01', '2023-09-01', 4),
(404, 'Fase 404 del Proyecto 5', 'En Progreso', '2023-09-01', '2023-10-01', 5),
(405, 'Fase 405 del Proyecto 6', 'Finalizado', '2023-10-01', '2023-11-01', 6),
(406, 'Fase 406 del Proyecto 7', 'En Progreso', '2023-11-01', '2023-12-01', 7),
(407, 'Fase 407 del Proyecto 8', 'Finalizado', '2023-12-01', '2023-12-30', 8),
(408, 'Fase 408 del Proyecto 9', 'En Progreso', '2023-01-01', '2023-02-01', 9),
(409, 'Fase 409 del Proyecto 10', 'Finalizado', '2023-02-01', '2023-03-01', 10),
(410, 'Fase 410 del Proyecto 11', 'En Progreso', '2023-03-01', '2023-04-01', 11),
(411, 'Fase 411 del Proyecto 12', 'Finalizado', '2023-04-01', '2023-05-01', 12),
(412, 'Fase 412 del Proyecto 13', 'En Progreso', '2023-05-01', '2023-06-01', 13),
(413, 'Fase 413 del Proyecto 14', 'Finalizado', '2023-06-01', '2023-07-01', 14),
(414, 'Fase 414 del Proyecto 15', 'En Progreso', '2023-07-01', '2023-08-01', 15),
(415, 'Fase 415 del Proyecto 16', 'Finalizado', '2023-08-01', '2023-09-01', 16),
(416, 'Fase 416 del Proyecto 17', 'En Progreso', '2023-09-01', '2023-10-01', 17),
(417, 'Fase 417 del Proyecto 18', 'Finalizado', '2023-10-01', '2023-11-01', 18),
(418, 'Fase 418 del Proyecto 19', 'En Progreso', '2023-11-01', '2023-12-01', 19),
(419, 'Fase 419 del Proyecto 20', 'Finalizado', '2023-12-01', '2023-12-30', 20),
(420, 'Fase 420 del Proyecto 21', 'En Progreso', '2023-01-01', '2023-02-01', 21),
(421, 'Fase 421 del Proyecto 22', 'Finalizado', '2023-02-01', '2023-03-01', 22),
(422, 'Fase 422 del Proyecto 23', 'En Progreso', '2023-03-01', '2023-04-01', 23),
(423, 'Fase 423 del Proyecto 24', 'Finalizado', '2023-04-01', '2023-05-01', 24),
(424, 'Fase 424 del Proyecto 25', 'En Progreso', '2023-05-01', '2023-06-01', 25),
(425, 'Fase 425 del Proyecto 26', 'Finalizado', '2023-06-01', '2023-07-01', 26),
(426, 'Fase 426 del Proyecto 27', 'En Progreso', '2023-07-01', '2023-08-01', 27),
(427, 'Fase 427 del Proyecto 28', 'Finalizado', '2023-08-01', '2023-09-01', 28),
(428, 'Fase 428 del Proyecto 29', 'En Progreso', '2023-09-01', '2023-10-01', 29),
(429, 'Fase 429 del Proyecto 30', 'Finalizado', '2023-10-01', '2023-11-01', 30),
(430, 'Fase 430 del Proyecto 31', 'En Progreso', '2023-11-01', '2023-12-01', 31),
(431, 'Fase 431 del Proyecto 32', 'Finalizado', '2023-12-01', '2023-12-30', 32),
(432, 'Fase 432 del Proyecto 33', 'En Progreso', '2023-01-01', '2023-02-01', 33),
(433, 'Fase 433 del Proyecto 34', 'Finalizado', '2023-02-01', '2023-03-01', 34),
(434, 'Fase 434 del Proyecto 35', 'En Progreso', '2023-03-01', '2023-04-01', 35),
(435, 'Fase 435 del Proyecto 36', 'Finalizado', '2023-04-01', '2023-05-01', 36),
(436, 'Fase 436 del Proyecto 37', 'En Progreso', '2023-05-01', '2023-06-01', 37),
(437, 'Fase 437 del Proyecto 38', 'Finalizado', '2023-06-01', '2023-07-01', 38),
(438, 'Fase 438 del Proyecto 39', 'En Progreso', '2023-07-01', '2023-08-01', 39),
(439, 'Fase 439 del Proyecto 40', 'Finalizado', '2023-08-01', '2023-09-01', 40),
(440, 'Fase 440 del Proyecto 41', 'En Progreso', '2023-09-01', '2023-10-01', 41),
(441, 'Fase 441 del Proyecto 42', 'Finalizado', '2023-10-01', '2023-11-01', 42),
(442, 'Fase 442 del Proyecto 43', 'En Progreso', '2023-11-01', '2023-12-01', 43),
(443, 'Fase 443 del Proyecto 44', 'Finalizado', '2023-12-01', '2023-12-30', 44),
(444, 'Fase 444 del Proyecto 45', 'En Progreso', '2023-01-01', '2023-02-01', 45),
(445, 'Fase 445 del Proyecto 46', 'Finalizado', '2023-02-01', '2023-03-01', 46),
(446, 'Fase 446 del Proyecto 47', 'En Progreso', '2023-03-01', '2023-04-01', 47),
(447, 'Fase 447 del Proyecto 48', 'Finalizado', '2023-04-01', '2023-05-01', 48),
(448, 'Fase 448 del Proyecto 49', 'En Progreso', '2023-05-01', '2023-06-01', 49),
(449, 'Fase 449 del Proyecto 50', 'Finalizado', '2023-06-01', '2023-07-01', 50),
(450, 'Fase 450 del Proyecto 51', 'En Progreso', '2023-07-01', '2023-08-01', 51),
(451, 'Fase 451 del Proyecto 52', 'Finalizado', '2023-08-01', '2023-09-01', 52),
(452, 'Fase 452 del Proyecto 53', 'En Progreso', '2023-09-01', '2023-10-01', 53),
(453, 'Fase 453 del Proyecto 54', 'Finalizado', '2023-10-01', '2023-11-01', 54),
(454, 'Fase 454 del Proyecto 55', 'En Progreso', '2023-11-01', '2023-12-01', 55),
(455, 'Fase 455 del Proyecto 56', 'Finalizado', '2023-12-01', '2023-12-30', 56),
(456, 'Fase 456 del Proyecto 57', 'En Progreso', '2023-01-01', '2023-02-01', 57),
(457, 'Fase 457 del Proyecto 58', 'Finalizado', '2023-02-01', '2023-03-01', 58),
(458, 'Fase 458 del Proyecto 59', 'En Progreso', '2023-03-01', '2023-04-01', 59),
(459, 'Fase 459 del Proyecto 60', 'Finalizado', '2023-04-01', '2023-05-01', 60),
(460, 'Fase 460 del Proyecto 61', 'En Progreso', '2023-05-01', '2023-06-01', 61),
(461, 'Fase 461 del Proyecto 62', 'Finalizado', '2023-06-01', '2023-07-01', 62),
(462, 'Fase 462 del Proyecto 63', 'En Progreso', '2023-07-01', '2023-08-01', 63),
(463, 'Fase 463 del Proyecto 64', 'Finalizado', '2023-08-01', '2023-09-01', 64),
(464, 'Fase 464 del Proyecto 65', 'En Progreso', '2023-09-01', '2023-10-01', 65),
(465, 'Fase 465 del Proyecto 66', 'Finalizado', '2023-10-01', '2023-11-01', 66),
(466, 'Fase 466 del Proyecto 67', 'En Progreso', '2023-11-01', '2023-12-01', 67),
(467, 'Fase 467 del Proyecto 68', 'Finalizado', '2023-12-01', '2023-12-30', 68),
(468, 'Fase 468 del Proyecto 69', 'En Progreso', '2023-01-01', '2023-02-01', 69),
(469, 'Fase 469 del Proyecto 70', 'Finalizado', '2023-02-01', '2023-03-01', 70),
(470, 'Fase 470 del Proyecto 71', 'En Progreso', '2023-03-01', '2023-04-01', 71),
(471, 'Fase 471 del Proyecto 72', 'Finalizado', '2023-04-01', '2023-05-01', 72),
(472, 'Fase 472 del Proyecto 73', 'En Progreso', '2023-05-01', '2023-06-01', 73),
(473, 'Fase 473 del Proyecto 74', 'Finalizado', '2023-06-01', '2023-07-01', 74),
(474, 'Fase 474 del Proyecto 75', 'En Progreso', '2023-07-01', '2023-08-01', 75),
(475, 'Fase 475 del Proyecto 76', 'Finalizado', '2023-08-01', '2023-09-01', 76),
(476, 'Fase 476 del Proyecto 77', 'En Progreso', '2023-09-01', '2023-10-01', 77),
(477, 'Fase 477 del Proyecto 78', 'Finalizado', '2023-10-01', '2023-11-01', 78),
(478, 'Fase 478 del Proyecto 79', 'En Progreso', '2023-11-01', '2023-12-01', 79),
(479, 'Fase 479 del Proyecto 80', 'Finalizado', '2023-12-01', '2023-12-30', 80),
(480, 'Fase 480 del Proyecto 81', 'En Progreso', '2023-01-01', '2023-02-01', 81),
(481, 'Fase 481 del Proyecto 82', 'Finalizado', '2023-02-01', '2023-03-01', 82),
(482, 'Fase 482 del Proyecto 83', 'En Progreso', '2023-03-01', '2023-04-01', 83),
(483, 'Fase 483 del Proyecto 84', 'Finalizado', '2023-04-01', '2023-05-01', 84),
(484, 'Fase 484 del Proyecto 85', 'En Progreso', '2023-05-01', '2023-06-01', 85),
(485, 'Fase 485 del Proyecto 86', 'Finalizado', '2023-06-01', '2023-07-01', 86),
(486, 'Fase 486 del Proyecto 87', 'En Progreso', '2023-07-01', '2023-08-01', 87),
(487, 'Fase 487 del Proyecto 88', 'Finalizado', '2023-08-01', '2023-09-01', 88),
(488, 'Fase 488 del Proyecto 89', 'En Progreso', '2023-09-01', '2023-10-01', 89),
(489, 'Fase 489 del Proyecto 90', 'Finalizado', '2023-10-01', '2023-11-01', 90),
(490, 'Fase 490 del Proyecto 91', 'En Progreso', '2023-11-01', '2023-12-01', 91),
(491, 'Fase 491 del Proyecto 92', 'Finalizado', '2023-12-01', '2023-12-30', 92),
(492, 'Fase 492 del Proyecto 93', 'En Progreso', '2023-01-01', '2023-02-01', 93),
(493, 'Fase 493 del Proyecto 94', 'Finalizado', '2023-02-01', '2023-03-01', 94),
(494, 'Fase 494 del Proyecto 95', 'En Progreso', '2023-03-01', '2023-04-01', 95),
(495, 'Fase 495 del Proyecto 96', 'Finalizado', '2023-04-01', '2023-05-01', 96),
(496, 'Fase 496 del Proyecto 97', 'En Progreso', '2023-05-01', '2023-06-01', 97),
(497, 'Fase 497 del Proyecto 98', 'Finalizado', '2023-06-01', '2023-07-01', 98),
(498, 'Fase 498 del Proyecto 99', 'En Progreso', '2023-07-01', '2023-08-01', 99),
(499, 'Fase 499 del Proyecto 100', 'Finalizado', '2023-08-01', '2023-09-01', 100),
(500, 'Fase 500 del Proyecto 1', 'En Progreso', '2023-09-01', '2023-10-01', 1),
(501, 'Fase 501 del Proyecto 2', 'Finalizado', '2023-10-01', '2023-11-01', 2),
(502, 'Fase 502 del Proyecto 3', 'En Progreso', '2023-11-01', '2023-12-01', 3),
(503, 'Fase 503 del Proyecto 4', 'Finalizado', '2023-12-01', '2023-12-30', 4),
(504, 'Fase 504 del Proyecto 5', 'En Progreso', '2023-01-01', '2023-02-01', 5),
(505, 'Fase 505 del Proyecto 6', 'Finalizado', '2023-02-01', '2023-03-01', 6),
(506, 'Fase 506 del Proyecto 7', 'En Progreso', '2023-03-01', '2023-04-01', 7),
(507, 'Fase 507 del Proyecto 8', 'Finalizado', '2023-04-01', '2023-05-01', 8),
(508, 'Fase 508 del Proyecto 9', 'En Progreso', '2023-05-01', '2023-06-01', 9),
(509, 'Fase 509 del Proyecto 10', 'Finalizado', '2023-06-01', '2023-07-01', 10),
(510, 'Fase 510 del Proyecto 11', 'En Progreso', '2023-07-01', '2023-08-01', 11),
(511, 'Fase 511 del Proyecto 12', 'Finalizado', '2023-08-01', '2023-09-01', 12),
(512, 'Fase 512 del Proyecto 13', 'En Progreso', '2023-09-01', '2023-10-01', 13),
(513, 'Fase 513 del Proyecto 14', 'Finalizado', '2023-10-01', '2023-11-01', 14),
(514, 'Fase 514 del Proyecto 15', 'En Progreso', '2023-11-01', '2023-12-01', 15),
(515, 'Fase 515 del Proyecto 16', 'Finalizado', '2023-12-01', '2023-12-30', 16),
(516, 'Fase 516 del Proyecto 17', 'En Progreso', '2023-01-01', '2023-02-01', 17),
(517, 'Fase 517 del Proyecto 18', 'Finalizado', '2023-02-01', '2023-03-01', 18),
(518, 'Fase 518 del Proyecto 19', 'En Progreso', '2023-03-01', '2023-04-01', 19),
(519, 'Fase 519 del Proyecto 20', 'Finalizado', '2023-04-01', '2023-05-01', 20),
(520, 'Fase 520 del Proyecto 21', 'En Progreso', '2023-05-01', '2023-06-01', 21),
(521, 'Fase 521 del Proyecto 22', 'Finalizado', '2023-06-01', '2023-07-01', 22),
(522, 'Fase 522 del Proyecto 23', 'En Progreso', '2023-07-01', '2023-08-01', 23),
(523, 'Fase 523 del Proyecto 24', 'Finalizado', '2023-08-01', '2023-09-01', 24),
(524, 'Fase 524 del Proyecto 25', 'En Progreso', '2023-09-01', '2023-10-01', 25),
(525, 'Fase 525 del Proyecto 26', 'Finalizado', '2023-10-01', '2023-11-01', 26),
(526, 'Fase 526 del Proyecto 27', 'En Progreso', '2023-11-01', '2023-12-01', 27),
(527, 'Fase 527 del Proyecto 28', 'Finalizado', '2023-12-01', '2023-12-30', 28),
(528, 'Fase 528 del Proyecto 29', 'En Progreso', '2023-01-01', '2023-02-01', 29),
(529, 'Fase 529 del Proyecto 30', 'Finalizado', '2023-02-01', '2023-03-01', 30),
(530, 'Fase 530 del Proyecto 31', 'En Progreso', '2023-03-01', '2023-04-01', 31),
(531, 'Fase 531 del Proyecto 32', 'Finalizado', '2023-04-01', '2023-05-01', 32),
(532, 'Fase 532 del Proyecto 33', 'En Progreso', '2023-05-01', '2023-06-01', 33),
(533, 'Fase 533 del Proyecto 34', 'Finalizado', '2023-06-01', '2023-07-01', 34),
(534, 'Fase 534 del Proyecto 35', 'En Progreso', '2023-07-01', '2023-08-01', 35),
(535, 'Fase 535 del Proyecto 36', 'Finalizado', '2023-08-01', '2023-09-01', 36),
(536, 'Fase 536 del Proyecto 37', 'En Progreso', '2023-09-01', '2023-10-01', 37),
(537, 'Fase 537 del Proyecto 38', 'Finalizado', '2023-10-01', '2023-11-01', 38),
(538, 'Fase 538 del Proyecto 39', 'En Progreso', '2023-11-01', '2023-12-01', 39),
(539, 'Fase 539 del Proyecto 40', 'Finalizado', '2023-12-01', '2023-12-30', 40),
(540, 'Fase 540 del Proyecto 41', 'En Progreso', '2023-01-01', '2023-02-01', 41),
(541, 'Fase 541 del Proyecto 42', 'Finalizado', '2023-02-01', '2023-03-01', 42),
(542, 'Fase 542 del Proyecto 43', 'En Progreso', '2023-03-01', '2023-04-01', 43),
(543, 'Fase 543 del Proyecto 44', 'Finalizado', '2023-04-01', '2023-05-01', 44),
(544, 'Fase 544 del Proyecto 45', 'En Progreso', '2023-05-01', '2023-06-01', 45),
(545, 'Fase 545 del Proyecto 46', 'Finalizado', '2023-06-01', '2023-07-01', 46),
(546, 'Fase 546 del Proyecto 47', 'En Progreso', '2023-07-01', '2023-08-01', 47),
(547, 'Fase 547 del Proyecto 48', 'Finalizado', '2023-08-01', '2023-09-01', 48),
(548, 'Fase 548 del Proyecto 49', 'En Progreso', '2023-09-01', '2023-10-01', 49),
(549, 'Fase 549 del Proyecto 50', 'Finalizado', '2023-10-01', '2023-11-01', 50),
(550, 'Fase 550 del Proyecto 51', 'En Progreso', '2023-11-01', '2023-12-01', 51),
(551, 'Fase 551 del Proyecto 52', 'Finalizado', '2023-12-01', '2023-12-30', 52),
(552, 'Fase 552 del Proyecto 53', 'En Progreso', '2023-01-01', '2023-02-01', 53),
(553, 'Fase 553 del Proyecto 54', 'Finalizado', '2023-02-01', '2023-03-01', 54),
(554, 'Fase 554 del Proyecto 55', 'En Progreso', '2023-03-01', '2023-04-01', 55),
(555, 'Fase 555 del Proyecto 56', 'Finalizado', '2023-04-01', '2023-05-01', 56),
(556, 'Fase 556 del Proyecto 57', 'En Progreso', '2023-05-01', '2023-06-01', 57),
(557, 'Fase 557 del Proyecto 58', 'Finalizado', '2023-06-01', '2023-07-01', 58),
(558, 'Fase 558 del Proyecto 59', 'En Progreso', '2023-07-01', '2023-08-01', 59),
(559, 'Fase 559 del Proyecto 60', 'Finalizado', '2023-08-01', '2023-09-01', 60),
(560, 'Fase 560 del Proyecto 61', 'En Progreso', '2023-09-01', '2023-10-01', 61),
(561, 'Fase 561 del Proyecto 62', 'Finalizado', '2023-10-01', '2023-11-01', 62),
(562, 'Fase 562 del Proyecto 63', 'En Progreso', '2023-11-01', '2023-12-01', 63),
(563, 'Fase 563 del Proyecto 64', 'Finalizado', '2023-12-01', '2023-12-30', 64),
(564, 'Fase 564 del Proyecto 65', 'En Progreso', '2023-01-01', '2023-02-01', 65),
(565, 'Fase 565 del Proyecto 66', 'Finalizado', '2023-02-01', '2023-03-01', 66),
(566, 'Fase 566 del Proyecto 67', 'En Progreso', '2023-03-01', '2023-04-01', 67),
(567, 'Fase 567 del Proyecto 68', 'Finalizado', '2023-04-01', '2023-05-01', 68),
(568, 'Fase 568 del Proyecto 69', 'En Progreso', '2023-05-01', '2023-06-01', 69),
(569, 'Fase 569 del Proyecto 70', 'Finalizado', '2023-06-01', '2023-07-01', 70),
(570, 'Fase 570 del Proyecto 71', 'En Progreso', '2023-07-01', '2023-08-01', 71),
(571, 'Fase 571 del Proyecto 72', 'Finalizado', '2023-08-01', '2023-09-01', 72),
(572, 'Fase 572 del Proyecto 73', 'En Progreso', '2023-09-01', '2023-10-01', 73),
(573, 'Fase 573 del Proyecto 74', 'Finalizado', '2023-10-01', '2023-11-01', 74),
(574, 'Fase 574 del Proyecto 75', 'En Progreso', '2023-11-01', '2023-12-01', 75),
(575, 'Fase 575 del Proyecto 76', 'Finalizado', '2023-12-01', '2023-12-30', 76),
(576, 'Fase 576 del Proyecto 77', 'En Progreso', '2023-01-01', '2023-02-01', 77),
(577, 'Fase 577 del Proyecto 78', 'Finalizado', '2023-02-01', '2023-03-01', 78),
(578, 'Fase 578 del Proyecto 79', 'En Progreso', '2023-03-01', '2023-04-01', 79),
(579, 'Fase 579 del Proyecto 80', 'Finalizado', '2023-04-01', '2023-05-01', 80),
(580, 'Fase 580 del Proyecto 81', 'En Progreso', '2023-05-01', '2023-06-01', 81),
(581, 'Fase 581 del Proyecto 82', 'Finalizado', '2023-06-01', '2023-07-01', 82),
(582, 'Fase 582 del Proyecto 83', 'En Progreso', '2023-07-01', '2023-08-01', 83),
(583, 'Fase 583 del Proyecto 84', 'Finalizado', '2023-08-01', '2023-09-01', 84),
(584, 'Fase 584 del Proyecto 85', 'En Progreso', '2023-09-01', '2023-10-01', 85),
(585, 'Fase 585 del Proyecto 86', 'Finalizado', '2023-10-01', '2023-11-01', 86),
(586, 'Fase 586 del Proyecto 87', 'En Progreso', '2023-11-01', '2023-12-01', 87),
(587, 'Fase 587 del Proyecto 88', 'Finalizado', '2023-12-01', '2023-12-30', 88),
(588, 'Fase 588 del Proyecto 89', 'En Progreso', '2023-01-01', '2023-02-01', 89),
(589, 'Fase 589 del Proyecto 90', 'Finalizado', '2023-02-01', '2023-03-01', 90),
(590, 'Fase 590 del Proyecto 91', 'En Progreso', '2023-03-01', '2023-04-01', 91),
(591, 'Fase 591 del Proyecto 92', 'Finalizado', '2023-04-01', '2023-05-01', 92),
(592, 'Fase 592 del Proyecto 93', 'En Progreso', '2023-05-01', '2023-06-01', 93),
(593, 'Fase 593 del Proyecto 94', 'Finalizado', '2023-06-01', '2023-07-01', 94),
(594, 'Fase 594 del Proyecto 95', 'En Progreso', '2023-07-01', '2023-08-01', 95),
(595, 'Fase 595 del Proyecto 96', 'Finalizado', '2023-08-01', '2023-09-01', 96),
(596, 'Fase 596 del Proyecto 97', 'En Progreso', '2023-09-01', '2023-10-01', 97),
(597, 'Fase 597 del Proyecto 98', 'Finalizado', '2023-10-01', '2023-11-01', 98),
(598, 'Fase 598 del Proyecto 99', 'En Progreso', '2023-11-01', '2023-12-01', 99),
(599, 'Fase 599 del Proyecto 100', 'Finalizado', '2023-12-01', '2023-12-30', 100),
(600, 'Fase 600 del Proyecto 1', 'En Progreso', '2023-01-01', '2023-02-01', 1),
(601, 'Fase 601 del Proyecto 2', 'Finalizado', '2023-02-01', '2023-03-01', 2),
(602, 'Fase 602 del Proyecto 3', 'En Progreso', '2023-03-01', '2023-04-01', 3),
(603, 'Fase 603 del Proyecto 4', 'Finalizado', '2023-04-01', '2023-05-01', 4),
(604, 'Fase 604 del Proyecto 5', 'En Progreso', '2023-05-01', '2023-06-01', 5),
(605, 'Fase 605 del Proyecto 6', 'Finalizado', '2023-06-01', '2023-07-01', 6),
(606, 'Fase 606 del Proyecto 7', 'En Progreso', '2023-07-01', '2023-08-01', 7),
(607, 'Fase 607 del Proyecto 8', 'Finalizado', '2023-08-01', '2023-09-01', 8),
(608, 'Fase 608 del Proyecto 9', 'En Progreso', '2023-09-01', '2023-10-01', 9),
(609, 'Fase 609 del Proyecto 10', 'Finalizado', '2023-10-01', '2023-11-01', 10),
(610, 'Fase 610 del Proyecto 11', 'En Progreso', '2023-11-01', '2023-12-01', 11),
(611, 'Fase 611 del Proyecto 12', 'Finalizado', '2023-12-01', '2023-12-30', 12),
(612, 'Fase 612 del Proyecto 13', 'En Progreso', '2023-01-01', '2023-02-01', 13),
(613, 'Fase 613 del Proyecto 14', 'Finalizado', '2023-02-01', '2023-03-01', 14),
(614, 'Fase 614 del Proyecto 15', 'En Progreso', '2023-03-01', '2023-04-01', 15),
(615, 'Fase 615 del Proyecto 16', 'Finalizado', '2023-04-01', '2023-05-01', 16),
(616, 'Fase 616 del Proyecto 17', 'En Progreso', '2023-05-01', '2023-06-01', 17),
(617, 'Fase 617 del Proyecto 18', 'Finalizado', '2023-06-01', '2023-07-01', 18),
(618, 'Fase 618 del Proyecto 19', 'En Progreso', '2023-07-01', '2023-08-01', 19),
(619, 'Fase 619 del Proyecto 20', 'Finalizado', '2023-08-01', '2023-09-01', 20),
(620, 'Fase 620 del Proyecto 21', 'En Progreso', '2023-09-01', '2023-10-01', 21),
(621, 'Fase 621 del Proyecto 22', 'Finalizado', '2023-10-01', '2023-11-01', 22),
(622, 'Fase 622 del Proyecto 23', 'En Progreso', '2023-11-01', '2023-12-01', 23),
(623, 'Fase 623 del Proyecto 24', 'Finalizado', '2023-12-01', '2023-12-30', 24),
(624, 'Fase 624 del Proyecto 25', 'En Progreso', '2023-01-01', '2023-02-01', 25),
(625, 'Fase 625 del Proyecto 26', 'Finalizado', '2023-02-01', '2023-03-01', 26),
(626, 'Fase 626 del Proyecto 27', 'En Progreso', '2023-03-01', '2023-04-01', 27),
(627, 'Fase 627 del Proyecto 28', 'Finalizado', '2023-04-01', '2023-05-01', 28),
(628, 'Fase 628 del Proyecto 29', 'En Progreso', '2023-05-01', '2023-06-01', 29),
(629, 'Fase 629 del Proyecto 30', 'Finalizado', '2023-06-01', '2023-07-01', 30),
(630, 'Fase 630 del Proyecto 31', 'En Progreso', '2023-07-01', '2023-08-01', 31),
(631, 'Fase 631 del Proyecto 32', 'Finalizado', '2023-08-01', '2023-09-01', 32),
(632, 'Fase 632 del Proyecto 33', 'En Progreso', '2023-09-01', '2023-10-01', 33),
(633, 'Fase 633 del Proyecto 34', 'Finalizado', '2023-10-01', '2023-11-01', 34),
(634, 'Fase 634 del Proyecto 35', 'En Progreso', '2023-11-01', '2023-12-01', 35),
(635, 'Fase 635 del Proyecto 36', 'Finalizado', '2023-12-01', '2023-12-30', 36),
(636, 'Fase 636 del Proyecto 37', 'En Progreso', '2023-01-01', '2023-02-01', 37),
(637, 'Fase 637 del Proyecto 38', 'Finalizado', '2023-02-01', '2023-03-01', 38),
(638, 'Fase 638 del Proyecto 39', 'En Progreso', '2023-03-01', '2023-04-01', 39),
(639, 'Fase 639 del Proyecto 40', 'Finalizado', '2023-04-01', '2023-05-01', 40),
(640, 'Fase 640 del Proyecto 41', 'En Progreso', '2023-05-01', '2023-06-01', 41),
(641, 'Fase 641 del Proyecto 42', 'Finalizado', '2023-06-01', '2023-07-01', 42),
(642, 'Fase 642 del Proyecto 43', 'En Progreso', '2023-07-01', '2023-08-01', 43),
(643, 'Fase 643 del Proyecto 44', 'Finalizado', '2023-08-01', '2023-09-01', 44),
(644, 'Fase 644 del Proyecto 45', 'En Progreso', '2023-09-01', '2023-10-01', 45),
(645, 'Fase 645 del Proyecto 46', 'Finalizado', '2023-10-01', '2023-11-01', 46),
(646, 'Fase 646 del Proyecto 47', 'En Progreso', '2023-11-01', '2023-12-01', 47),
(647, 'Fase 647 del Proyecto 48', 'Finalizado', '2023-12-01', '2023-12-30', 48),
(648, 'Fase 648 del Proyecto 49', 'En Progreso', '2023-01-01', '2023-02-01', 49),
(649, 'Fase 649 del Proyecto 50', 'Finalizado', '2023-02-01', '2023-03-01', 50),
(650, 'Fase 650 del Proyecto 51', 'En Progreso', '2023-03-01', '2023-04-01', 51),
(651, 'Fase 651 del Proyecto 52', 'Finalizado', '2023-04-01', '2023-05-01', 52),
(652, 'Fase 652 del Proyecto 53', 'En Progreso', '2023-05-01', '2023-06-01', 53),
(653, 'Fase 653 del Proyecto 54', 'Finalizado', '2023-06-01', '2023-07-01', 54),
(654, 'Fase 654 del Proyecto 55', 'En Progreso', '2023-07-01', '2023-08-01', 55),
(655, 'Fase 655 del Proyecto 56', 'Finalizado', '2023-08-01', '2023-09-01', 56),
(656, 'Fase 656 del Proyecto 57', 'En Progreso', '2023-09-01', '2023-10-01', 57),
(657, 'Fase 657 del Proyecto 58', 'Finalizado', '2023-10-01', '2023-11-01', 58),
(658, 'Fase 658 del Proyecto 59', 'En Progreso', '2023-11-01', '2023-12-01', 59),
(659, 'Fase 659 del Proyecto 60', 'Finalizado', '2023-12-01', '2023-12-30', 60),
(660, 'Fase 660 del Proyecto 61', 'En Progreso', '2023-01-01', '2023-02-01', 61),
(661, 'Fase 661 del Proyecto 62', 'Finalizado', '2023-02-01', '2023-03-01', 62),
(662, 'Fase 662 del Proyecto 63', 'En Progreso', '2023-03-01', '2023-04-01', 63),
(663, 'Fase 663 del Proyecto 64', 'Finalizado', '2023-04-01', '2023-05-01', 64),
(664, 'Fase 664 del Proyecto 65', 'En Progreso', '2023-05-01', '2023-06-01', 65),
(665, 'Fase 665 del Proyecto 66', 'Finalizado', '2023-06-01', '2023-07-01', 66),
(666, 'Fase 666 del Proyecto 67', 'En Progreso', '2023-07-01', '2023-08-01', 67),
(667, 'Fase 667 del Proyecto 68', 'Finalizado', '2023-08-01', '2023-09-01', 68),
(668, 'Fase 668 del Proyecto 69', 'En Progreso', '2023-09-01', '2023-10-01', 69),
(669, 'Fase 669 del Proyecto 70', 'Finalizado', '2023-10-01', '2023-11-01', 70),
(670, 'Fase 670 del Proyecto 71', 'En Progreso', '2023-11-01', '2023-12-01', 71),
(671, 'Fase 671 del Proyecto 72', 'Finalizado', '2023-12-01', '2023-12-30', 72),
(672, 'Fase 672 del Proyecto 73', 'En Progreso', '2023-01-01', '2023-02-01', 73),
(673, 'Fase 673 del Proyecto 74', 'Finalizado', '2023-02-01', '2023-03-01', 74),
(674, 'Fase 674 del Proyecto 75', 'En Progreso', '2023-03-01', '2023-04-01', 75),
(675, 'Fase 675 del Proyecto 76', 'Finalizado', '2023-04-01', '2023-05-01', 76),
(676, 'Fase 676 del Proyecto 77', 'En Progreso', '2023-05-01', '2023-06-01', 77),
(677, 'Fase 677 del Proyecto 78', 'Finalizado', '2023-06-01', '2023-07-01', 78),
(678, 'Fase 678 del Proyecto 79', 'En Progreso', '2023-07-01', '2023-08-01', 79),
(679, 'Fase 679 del Proyecto 80', 'Finalizado', '2023-08-01', '2023-09-01', 80),
(680, 'Fase 680 del Proyecto 81', 'En Progreso', '2023-09-01', '2023-10-01', 81),
(681, 'Fase 681 del Proyecto 82', 'Finalizado', '2023-10-01', '2023-11-01', 82),
(682, 'Fase 682 del Proyecto 83', 'En Progreso', '2023-11-01', '2023-12-01', 83),
(683, 'Fase 683 del Proyecto 84', 'Finalizado', '2023-12-01', '2023-12-30', 84),
(684, 'Fase 684 del Proyecto 85', 'En Progreso', '2023-01-01', '2023-02-01', 85),
(685, 'Fase 685 del Proyecto 86', 'Finalizado', '2023-02-01', '2023-03-01', 86),
(686, 'Fase 686 del Proyecto 87', 'En Progreso', '2023-03-01', '2023-04-01', 87),
(687, 'Fase 687 del Proyecto 88', 'Finalizado', '2023-04-01', '2023-05-01', 88),
(688, 'Fase 688 del Proyecto 89', 'En Progreso', '2023-05-01', '2023-06-01', 89),
(689, 'Fase 689 del Proyecto 90', 'Finalizado', '2023-06-01', '2023-07-01', 90),
(690, 'Fase 690 del Proyecto 91', 'En Progreso', '2023-07-01', '2023-08-01', 91),
(691, 'Fase 691 del Proyecto 92', 'Finalizado', '2023-08-01', '2023-09-01', 92),
(692, 'Fase 692 del Proyecto 93', 'En Progreso', '2023-09-01', '2023-10-01', 93),
(693, 'Fase 693 del Proyecto 94', 'Finalizado', '2023-10-01', '2023-11-01', 94),
(694, 'Fase 694 del Proyecto 95', 'En Progreso', '2023-11-01', '2023-12-01', 95),
(695, 'Fase 695 del Proyecto 96', 'Finalizado', '2023-12-01', '2023-12-30', 96),
(696, 'Fase 696 del Proyecto 97', 'En Progreso', '2023-01-01', '2023-02-01', 97),
(697, 'Fase 697 del Proyecto 98', 'Finalizado', '2023-02-01', '2023-03-01', 98),
(698, 'Fase 698 del Proyecto 99', 'En Progreso', '2023-03-01', '2023-04-01', 99),
(699, 'Fase 699 del Proyecto 100', 'Finalizado', '2023-04-01', '2023-05-01', 100),
(700, 'Fase 700 del Proyecto 1', 'En Progreso', '2023-05-01', '2023-06-01', 1),
(701, 'Fase 701 del Proyecto 2', 'Finalizado', '2023-06-01', '2023-07-01', 2),
(702, 'Fase 702 del Proyecto 3', 'En Progreso', '2023-07-01', '2023-08-01', 3),
(703, 'Fase 703 del Proyecto 4', 'Finalizado', '2023-08-01', '2023-09-01', 4),
(704, 'Fase 704 del Proyecto 5', 'En Progreso', '2023-09-01', '2023-10-01', 5),
(705, 'Fase 705 del Proyecto 6', 'Finalizado', '2023-10-01', '2023-11-01', 6),
(706, 'Fase 706 del Proyecto 7', 'En Progreso', '2023-11-01', '2023-12-01', 7),
(707, 'Fase 707 del Proyecto 8', 'Finalizado', '2023-12-01', '2023-12-30', 8),
(708, 'Fase 708 del Proyecto 9', 'En Progreso', '2023-01-01', '2023-02-01', 9),
(709, 'Fase 709 del Proyecto 10', 'Finalizado', '2023-02-01', '2023-03-01', 10),
(710, 'Fase 710 del Proyecto 11', 'En Progreso', '2023-03-01', '2023-04-01', 11),
(711, 'Fase 711 del Proyecto 12', 'Finalizado', '2023-04-01', '2023-05-01', 12),
(712, 'Fase 712 del Proyecto 13', 'En Progreso', '2023-05-01', '2023-06-01', 13),
(713, 'Fase 713 del Proyecto 14', 'Finalizado', '2023-06-01', '2023-07-01', 14),
(714, 'Fase 714 del Proyecto 15', 'En Progreso', '2023-07-01', '2023-08-01', 15),
(715, 'Fase 715 del Proyecto 16', 'Finalizado', '2023-08-01', '2023-09-01', 16),
(716, 'Fase 716 del Proyecto 17', 'En Progreso', '2023-09-01', '2023-10-01', 17),
(717, 'Fase 717 del Proyecto 18', 'Finalizado', '2023-10-01', '2023-11-01', 18),
(718, 'Fase 718 del Proyecto 19', 'En Progreso', '2023-11-01', '2023-12-01', 19),
(719, 'Fase 719 del Proyecto 20', 'Finalizado', '2023-12-01', '2023-12-30', 20),
(720, 'Fase 720 del Proyecto 21', 'En Progreso', '2023-01-01', '2023-02-01', 21),
(721, 'Fase 721 del Proyecto 22', 'Finalizado', '2023-02-01', '2023-03-01', 22),
(722, 'Fase 722 del Proyecto 23', 'En Progreso', '2023-03-01', '2023-04-01', 23),
(723, 'Fase 723 del Proyecto 24', 'Finalizado', '2023-04-01', '2023-05-01', 24),
(724, 'Fase 724 del Proyecto 25', 'En Progreso', '2023-05-01', '2023-06-01', 25),
(725, 'Fase 725 del Proyecto 26', 'Finalizado', '2023-06-01', '2023-07-01', 26),
(726, 'Fase 726 del Proyecto 27', 'En Progreso', '2023-07-01', '2023-08-01', 27),
(727, 'Fase 727 del Proyecto 28', 'Finalizado', '2023-08-01', '2023-09-01', 28),
(728, 'Fase 728 del Proyecto 29', 'En Progreso', '2023-09-01', '2023-10-01', 29),
(729, 'Fase 729 del Proyecto 30', 'Finalizado', '2023-10-01', '2023-11-01', 30),
(730, 'Fase 730 del Proyecto 31', 'En Progreso', '2023-11-01', '2023-12-01', 31),
(731, 'Fase 731 del Proyecto 32', 'Finalizado', '2023-12-01', '2023-12-30', 32),
(732, 'Fase 732 del Proyecto 33', 'En Progreso', '2023-01-01', '2023-02-01', 33),
(733, 'Fase 733 del Proyecto 34', 'Finalizado', '2023-02-01', '2023-03-01', 34),
(734, 'Fase 734 del Proyecto 35', 'En Progreso', '2023-03-01', '2023-04-01', 35),
(735, 'Fase 735 del Proyecto 36', 'Finalizado', '2023-04-01', '2023-05-01', 36),
(736, 'Fase 736 del Proyecto 37', 'En Progreso', '2023-05-01', '2023-06-01', 37),
(737, 'Fase 737 del Proyecto 38', 'Finalizado', '2023-06-01', '2023-07-01', 38),
(738, 'Fase 738 del Proyecto 39', 'En Progreso', '2023-07-01', '2023-08-01', 39),
(739, 'Fase 739 del Proyecto 40', 'Finalizado', '2023-08-01', '2023-09-01', 40),
(740, 'Fase 740 del Proyecto 41', 'En Progreso', '2023-09-01', '2023-10-01', 41),
(741, 'Fase 741 del Proyecto 42', 'Finalizado', '2023-10-01', '2023-11-01', 42),
(742, 'Fase 742 del Proyecto 43', 'En Progreso', '2023-11-01', '2023-12-01', 43),
(743, 'Fase 743 del Proyecto 44', 'Finalizado', '2023-12-01', '2023-12-30', 44),
(744, 'Fase 744 del Proyecto 45', 'En Progreso', '2023-01-01', '2023-02-01', 45),
(745, 'Fase 745 del Proyecto 46', 'Finalizado', '2023-02-01', '2023-03-01', 46),
(746, 'Fase 746 del Proyecto 47', 'En Progreso', '2023-03-01', '2023-04-01', 47),
(747, 'Fase 747 del Proyecto 48', 'Finalizado', '2023-04-01', '2023-05-01', 48),
(748, 'Fase 748 del Proyecto 49', 'En Progreso', '2023-05-01', '2023-06-01', 49),
(749, 'Fase 749 del Proyecto 50', 'Finalizado', '2023-06-01', '2023-07-01', 50),
(750, 'Fase 750 del Proyecto 51', 'En Progreso', '2023-07-01', '2023-08-01', 51),
(751, 'Fase 751 del Proyecto 52', 'Finalizado', '2023-08-01', '2023-09-01', 52),
(752, 'Fase 752 del Proyecto 53', 'En Progreso', '2023-09-01', '2023-10-01', 53),
(753, 'Fase 753 del Proyecto 54', 'Finalizado', '2023-10-01', '2023-11-01', 54),
(754, 'Fase 754 del Proyecto 55', 'En Progreso', '2023-11-01', '2023-12-01', 55),
(755, 'Fase 755 del Proyecto 56', 'Finalizado', '2023-12-01', '2023-12-30', 56),
(756, 'Fase 756 del Proyecto 57', 'En Progreso', '2023-01-01', '2023-02-01', 57),
(757, 'Fase 757 del Proyecto 58', 'Finalizado', '2023-02-01', '2023-03-01', 58),
(758, 'Fase 758 del Proyecto 59', 'En Progreso', '2023-03-01', '2023-04-01', 59),
(759, 'Fase 759 del Proyecto 60', 'Finalizado', '2023-04-01', '2023-05-01', 60),
(760, 'Fase 760 del Proyecto 61', 'En Progreso', '2023-05-01', '2023-06-01', 61),
(761, 'Fase 761 del Proyecto 62', 'Finalizado', '2023-06-01', '2023-07-01', 62),
(762, 'Fase 762 del Proyecto 63', 'En Progreso', '2023-07-01', '2023-08-01', 63),
(763, 'Fase 763 del Proyecto 64', 'Finalizado', '2023-08-01', '2023-09-01', 64),
(764, 'Fase 764 del Proyecto 65', 'En Progreso', '2023-09-01', '2023-10-01', 65),
(765, 'Fase 765 del Proyecto 66', 'Finalizado', '2023-10-01', '2023-11-01', 66),
(766, 'Fase 766 del Proyecto 67', 'En Progreso', '2023-11-01', '2023-12-01', 67),
(767, 'Fase 767 del Proyecto 68', 'Finalizado', '2023-12-01', '2023-12-30', 68),
(768, 'Fase 768 del Proyecto 69', 'En Progreso', '2023-01-01', '2023-02-01', 69),
(769, 'Fase 769 del Proyecto 70', 'Finalizado', '2023-02-01', '2023-03-01', 70),
(770, 'Fase 770 del Proyecto 71', 'En Progreso', '2023-03-01', '2023-04-01', 71),
(771, 'Fase 771 del Proyecto 72', 'Finalizado', '2023-04-01', '2023-05-01', 72),
(772, 'Fase 772 del Proyecto 73', 'En Progreso', '2023-05-01', '2023-06-01', 73),
(773, 'Fase 773 del Proyecto 74', 'Finalizado', '2023-06-01', '2023-07-01', 74),
(774, 'Fase 774 del Proyecto 75', 'En Progreso', '2023-07-01', '2023-08-01', 75),
(775, 'Fase 775 del Proyecto 76', 'Finalizado', '2023-08-01', '2023-09-01', 76),
(776, 'Fase 776 del Proyecto 77', 'En Progreso', '2023-09-01', '2023-10-01', 77),
(777, 'Fase 777 del Proyecto 78', 'Finalizado', '2023-10-01', '2023-11-01', 78),
(778, 'Fase 778 del Proyecto 79', 'En Progreso', '2023-11-01', '2023-12-01', 79),
(779, 'Fase 779 del Proyecto 80', 'Finalizado', '2023-12-01', '2023-12-30', 80),
(780, 'Fase 780 del Proyecto 81', 'En Progreso', '2023-01-01', '2023-02-01', 81),
(781, 'Fase 781 del Proyecto 82', 'Finalizado', '2023-02-01', '2023-03-01', 82),
(782, 'Fase 782 del Proyecto 83', 'En Progreso', '2023-03-01', '2023-04-01', 83),
(783, 'Fase 783 del Proyecto 84', 'Finalizado', '2023-04-01', '2023-05-01', 84),
(784, 'Fase 784 del Proyecto 85', 'En Progreso', '2023-05-01', '2023-06-01', 85),
(785, 'Fase 785 del Proyecto 86', 'Finalizado', '2023-06-01', '2023-07-01', 86),
(786, 'Fase 786 del Proyecto 87', 'En Progreso', '2023-07-01', '2023-08-01', 87),
(787, 'Fase 787 del Proyecto 88', 'Finalizado', '2023-08-01', '2023-09-01', 88),
(788, 'Fase 788 del Proyecto 89', 'En Progreso', '2023-09-01', '2023-10-01', 89),
(789, 'Fase 789 del Proyecto 90', 'Finalizado', '2023-10-01', '2023-11-01', 90),
(790, 'Fase 790 del Proyecto 91', 'En Progreso', '2023-11-01', '2023-12-01', 91),
(791, 'Fase 791 del Proyecto 92', 'Finalizado', '2023-12-01', '2023-12-30', 92),
(792, 'Fase 792 del Proyecto 93', 'En Progreso', '2023-01-01', '2023-02-01', 93),
(793, 'Fase 793 del Proyecto 94', 'Finalizado', '2023-02-01', '2023-03-01', 94),
(794, 'Fase 794 del Proyecto 95', 'En Progreso', '2023-03-01', '2023-04-01', 95),
(795, 'Fase 795 del Proyecto 96', 'Finalizado', '2023-04-01', '2023-05-01', 96),
(796, 'Fase 796 del Proyecto 97', 'En Progreso', '2023-05-01', '2023-06-01', 97),
(797, 'Fase 797 del Proyecto 98', 'Finalizado', '2023-06-01', '2023-07-01', 98),
(798, 'Fase 798 del Proyecto 99', 'En Progreso', '2023-07-01', '2023-08-01', 99),
(799, 'Fase 799 del Proyecto 100', 'Finalizado', '2023-08-01', '2023-09-01', 100),
(800, 'Fase 800 del Proyecto 1', 'En Progreso', '2023-09-01', '2023-10-01', 1),
(801, 'Fase 801 del Proyecto 2', 'Finalizado', '2023-10-01', '2023-11-01', 2),
(802, 'Fase 802 del Proyecto 3', 'En Progreso', '2023-11-01', '2023-12-01', 3),
(803, 'Fase 803 del Proyecto 4', 'Finalizado', '2023-12-01', '2023-12-30', 4),
(804, 'Fase 804 del Proyecto 5', 'En Progreso', '2023-01-01', '2023-02-01', 5),
(805, 'Fase 805 del Proyecto 6', 'Finalizado', '2023-02-01', '2023-03-01', 6),
(806, 'Fase 806 del Proyecto 7', 'En Progreso', '2023-03-01', '2023-04-01', 7),
(807, 'Fase 807 del Proyecto 8', 'Finalizado', '2023-04-01', '2023-05-01', 8),
(808, 'Fase 808 del Proyecto 9', 'En Progreso', '2023-05-01', '2023-06-01', 9),
(809, 'Fase 809 del Proyecto 10', 'Finalizado', '2023-06-01', '2023-07-01', 10),
(810, 'Fase 810 del Proyecto 11', 'En Progreso', '2023-07-01', '2023-08-01', 11),
(811, 'Fase 811 del Proyecto 12', 'Finalizado', '2023-08-01', '2023-09-01', 12),
(812, 'Fase 812 del Proyecto 13', 'En Progreso', '2023-09-01', '2023-10-01', 13),
(813, 'Fase 813 del Proyecto 14', 'Finalizado', '2023-10-01', '2023-11-01', 14),
(814, 'Fase 814 del Proyecto 15', 'En Progreso', '2023-11-01', '2023-12-01', 15),
(815, 'Fase 815 del Proyecto 16', 'Finalizado', '2023-12-01', '2023-12-30', 16),
(816, 'Fase 816 del Proyecto 17', 'En Progreso', '2023-01-01', '2023-02-01', 17),
(817, 'Fase 817 del Proyecto 18', 'Finalizado', '2023-02-01', '2023-03-01', 18),
(818, 'Fase 818 del Proyecto 19', 'En Progreso', '2023-03-01', '2023-04-01', 19),
(819, 'Fase 819 del Proyecto 20', 'Finalizado', '2023-04-01', '2023-05-01', 20),
(820, 'Fase 820 del Proyecto 21', 'En Progreso', '2023-05-01', '2023-06-01', 21),
(821, 'Fase 821 del Proyecto 22', 'Finalizado', '2023-06-01', '2023-07-01', 22),
(822, 'Fase 822 del Proyecto 23', 'En Progreso', '2023-07-01', '2023-08-01', 23),
(823, 'Fase 823 del Proyecto 24', 'Finalizado', '2023-08-01', '2023-09-01', 24),
(824, 'Fase 824 del Proyecto 25', 'En Progreso', '2023-09-01', '2023-10-01', 25),
(825, 'Fase 825 del Proyecto 26', 'Finalizado', '2023-10-01', '2023-11-01', 26),
(826, 'Fase 826 del Proyecto 27', 'En Progreso', '2023-11-01', '2023-12-01', 27),
(827, 'Fase 827 del Proyecto 28', 'Finalizado', '2023-12-01', '2023-12-30', 28),
(828, 'Fase 828 del Proyecto 29', 'En Progreso', '2023-01-01', '2023-02-01', 29),
(829, 'Fase 829 del Proyecto 30', 'Finalizado', '2023-02-01', '2023-03-01', 30),
(830, 'Fase 830 del Proyecto 31', 'En Progreso', '2023-03-01', '2023-04-01', 31),
(831, 'Fase 831 del Proyecto 32', 'Finalizado', '2023-04-01', '2023-05-01', 32),
(832, 'Fase 832 del Proyecto 33', 'En Progreso', '2023-05-01', '2023-06-01', 33),
(833, 'Fase 833 del Proyecto 34', 'Finalizado', '2023-06-01', '2023-07-01', 34),
(834, 'Fase 834 del Proyecto 35', 'En Progreso', '2023-07-01', '2023-08-01', 35),
(835, 'Fase 835 del Proyecto 36', 'Finalizado', '2023-08-01', '2023-09-01', 36),
(836, 'Fase 836 del Proyecto 37', 'En Progreso', '2023-09-01', '2023-10-01', 37),
(837, 'Fase 837 del Proyecto 38', 'Finalizado', '2023-10-01', '2023-11-01', 38),
(838, 'Fase 838 del Proyecto 39', 'En Progreso', '2023-11-01', '2023-12-01', 39),
(839, 'Fase 839 del Proyecto 40', 'Finalizado', '2023-12-01', '2023-12-30', 40),
(840, 'Fase 840 del Proyecto 41', 'En Progreso', '2023-01-01', '2023-02-01', 41),
(841, 'Fase 841 del Proyecto 42', 'Finalizado', '2023-02-01', '2023-03-01', 42),
(842, 'Fase 842 del Proyecto 43', 'En Progreso', '2023-03-01', '2023-04-01', 43),
(843, 'Fase 843 del Proyecto 44', 'Finalizado', '2023-04-01', '2023-05-01', 44),
(844, 'Fase 844 del Proyecto 45', 'En Progreso', '2023-05-01', '2023-06-01', 45),
(845, 'Fase 845 del Proyecto 46', 'Finalizado', '2023-06-01', '2023-07-01', 46),
(846, 'Fase 846 del Proyecto 47', 'En Progreso', '2023-07-01', '2023-08-01', 47),
(847, 'Fase 847 del Proyecto 48', 'Finalizado', '2023-08-01', '2023-09-01', 48),
(848, 'Fase 848 del Proyecto 49', 'En Progreso', '2023-09-01', '2023-10-01', 49),
(849, 'Fase 849 del Proyecto 50', 'Finalizado', '2023-10-01', '2023-11-01', 50),
(850, 'Fase 850 del Proyecto 51', 'En Progreso', '2023-11-01', '2023-12-01', 51),
(851, 'Fase 851 del Proyecto 52', 'Finalizado', '2023-12-01', '2023-12-30', 52),
(852, 'Fase 852 del Proyecto 53', 'En Progreso', '2023-01-01', '2023-02-01', 53),
(853, 'Fase 853 del Proyecto 54', 'Finalizado', '2023-02-01', '2023-03-01', 54),
(854, 'Fase 854 del Proyecto 55', 'En Progreso', '2023-03-01', '2023-04-01', 55),
(855, 'Fase 855 del Proyecto 56', 'Finalizado', '2023-04-01', '2023-05-01', 56),
(856, 'Fase 856 del Proyecto 57', 'En Progreso', '2023-05-01', '2023-06-01', 57),
(857, 'Fase 857 del Proyecto 58', 'Finalizado', '2023-06-01', '2023-07-01', 58),
(858, 'Fase 858 del Proyecto 59', 'En Progreso', '2023-07-01', '2023-08-01', 59),
(859, 'Fase 859 del Proyecto 60', 'Finalizado', '2023-08-01', '2023-09-01', 60),
(860, 'Fase 860 del Proyecto 61', 'En Progreso', '2023-09-01', '2023-10-01', 61),
(861, 'Fase 861 del Proyecto 62', 'Finalizado', '2023-10-01', '2023-11-01', 62),
(862, 'Fase 862 del Proyecto 63', 'En Progreso', '2023-11-01', '2023-12-01', 63),
(863, 'Fase 863 del Proyecto 64', 'Finalizado', '2023-12-01', '2023-12-30', 64),
(864, 'Fase 864 del Proyecto 65', 'En Progreso', '2023-01-01', '2023-02-01', 65),
(865, 'Fase 865 del Proyecto 66', 'Finalizado', '2023-02-01', '2023-03-01', 66),
(866, 'Fase 866 del Proyecto 67', 'En Progreso', '2023-03-01', '2023-04-01', 67),
(867, 'Fase 867 del Proyecto 68', 'Finalizado', '2023-04-01', '2023-05-01', 68),
(868, 'Fase 868 del Proyecto 69', 'En Progreso', '2023-05-01', '2023-06-01', 69),
(869, 'Fase 869 del Proyecto 70', 'Finalizado', '2023-06-01', '2023-07-01', 70),
(870, 'Fase 870 del Proyecto 71', 'En Progreso', '2023-07-01', '2023-08-01', 71),
(871, 'Fase 871 del Proyecto 72', 'Finalizado', '2023-08-01', '2023-09-01', 72),
(872, 'Fase 872 del Proyecto 73', 'En Progreso', '2023-09-01', '2023-10-01', 73),
(873, 'Fase 873 del Proyecto 74', 'Finalizado', '2023-10-01', '2023-11-01', 74),
(874, 'Fase 874 del Proyecto 75', 'En Progreso', '2023-11-01', '2023-12-01', 75),
(875, 'Fase 875 del Proyecto 76', 'Finalizado', '2023-12-01', '2023-12-30', 76),
(876, 'Fase 876 del Proyecto 77', 'En Progreso', '2023-01-01', '2023-02-01', 77),
(877, 'Fase 877 del Proyecto 78', 'Finalizado', '2023-02-01', '2023-03-01', 78),
(878, 'Fase 878 del Proyecto 79', 'En Progreso', '2023-03-01', '2023-04-01', 79),
(879, 'Fase 879 del Proyecto 80', 'Finalizado', '2023-04-01', '2023-05-01', 80),
(880, 'Fase 880 del Proyecto 81', 'En Progreso', '2023-05-01', '2023-06-01', 81),
(881, 'Fase 881 del Proyecto 82', 'Finalizado', '2023-06-01', '2023-07-01', 82),
(882, 'Fase 882 del Proyecto 83', 'En Progreso', '2023-07-01', '2023-08-01', 83),
(883, 'Fase 883 del Proyecto 84', 'Finalizado', '2023-08-01', '2023-09-01', 84),
(884, 'Fase 884 del Proyecto 85', 'En Progreso', '2023-09-01', '2023-10-01', 85),
(885, 'Fase 885 del Proyecto 86', 'Finalizado', '2023-10-01', '2023-11-01', 86),
(886, 'Fase 886 del Proyecto 87', 'En Progreso', '2023-11-01', '2023-12-01', 87),
(887, 'Fase 887 del Proyecto 88', 'Finalizado', '2023-12-01', '2023-12-30', 88),
(888, 'Fase 888 del Proyecto 89', 'En Progreso', '2023-01-01', '2023-02-01', 89),
(889, 'Fase 889 del Proyecto 90', 'Finalizado', '2023-02-01', '2023-03-01', 90),
(890, 'Fase 890 del Proyecto 91', 'En Progreso', '2023-03-01', '2023-04-01', 91),
(891, 'Fase 891 del Proyecto 92', 'Finalizado', '2023-04-01', '2023-05-01', 92),
(892, 'Fase 892 del Proyecto 93', 'En Progreso', '2023-05-01', '2023-06-01', 93),
(893, 'Fase 893 del Proyecto 94', 'Finalizado', '2023-06-01', '2023-07-01', 94),
(894, 'Fase 894 del Proyecto 95', 'En Progreso', '2023-07-01', '2023-08-01', 95),
(895, 'Fase 895 del Proyecto 96', 'Finalizado', '2023-08-01', '2023-09-01', 96),
(896, 'Fase 896 del Proyecto 97', 'En Progreso', '2023-09-01', '2023-10-01', 97),
(897, 'Fase 897 del Proyecto 98', 'Finalizado', '2023-10-01', '2023-11-01', 98),
(898, 'Fase 898 del Proyecto 99', 'En Progreso', '2023-11-01', '2023-12-01', 99),
(899, 'Fase 899 del Proyecto 100', 'Finalizado', '2023-12-01', '2023-12-30', 100),
(900, 'Fase 900 del Proyecto 1', 'En Progreso', '2023-01-01', '2023-02-01', 1),
(901, 'Fase 901 del Proyecto 2', 'Finalizado', '2023-02-01', '2023-03-01', 2),
(902, 'Fase 902 del Proyecto 3', 'En Progreso', '2023-03-01', '2023-04-01', 3),
(903, 'Fase 903 del Proyecto 4', 'Finalizado', '2023-04-01', '2023-05-01', 4),
(904, 'Fase 904 del Proyecto 5', 'En Progreso', '2023-05-01', '2023-06-01', 5),
(905, 'Fase 905 del Proyecto 6', 'Finalizado', '2023-06-01', '2023-07-01', 6),
(906, 'Fase 906 del Proyecto 7', 'En Progreso', '2023-07-01', '2023-08-01', 7),
(907, 'Fase 907 del Proyecto 8', 'Finalizado', '2023-08-01', '2023-09-01', 8),
(908, 'Fase 908 del Proyecto 9', 'En Progreso', '2023-09-01', '2023-10-01', 9),
(909, 'Fase 909 del Proyecto 10', 'Finalizado', '2023-10-01', '2023-11-01', 10),
(910, 'Fase 910 del Proyecto 11', 'En Progreso', '2023-11-01', '2023-12-01', 11),
(911, 'Fase 911 del Proyecto 12', 'Finalizado', '2023-12-01', '2023-12-30', 12),
(912, 'Fase 912 del Proyecto 13', 'En Progreso', '2023-01-01', '2023-02-01', 13),
(913, 'Fase 913 del Proyecto 14', 'Finalizado', '2023-02-01', '2023-03-01', 14),
(914, 'Fase 914 del Proyecto 15', 'En Progreso', '2023-03-01', '2023-04-01', 15),
(915, 'Fase 915 del Proyecto 16', 'Finalizado', '2023-04-01', '2023-05-01', 16),
(916, 'Fase 916 del Proyecto 17', 'En Progreso', '2023-05-01', '2023-06-01', 17),
(917, 'Fase 917 del Proyecto 18', 'Finalizado', '2023-06-01', '2023-07-01', 18),
(918, 'Fase 918 del Proyecto 19', 'En Progreso', '2023-07-01', '2023-08-01', 19),
(919, 'Fase 919 del Proyecto 20', 'Finalizado', '2023-08-01', '2023-09-01', 20),
(920, 'Fase 920 del Proyecto 21', 'En Progreso', '2023-09-01', '2023-10-01', 21),
(921, 'Fase 921 del Proyecto 22', 'Finalizado', '2023-10-01', '2023-11-01', 22),
(922, 'Fase 922 del Proyecto 23', 'En Progreso', '2023-11-01', '2023-12-01', 23),
(923, 'Fase 923 del Proyecto 24', 'Finalizado', '2023-12-01', '2023-12-30', 24),
(924, 'Fase 924 del Proyecto 25', 'En Progreso', '2023-01-01', '2023-02-01', 25),
(925, 'Fase 925 del Proyecto 26', 'Finalizado', '2023-02-01', '2023-03-01', 26),
(926, 'Fase 926 del Proyecto 27', 'En Progreso', '2023-03-01', '2023-04-01', 27),
(927, 'Fase 927 del Proyecto 28', 'Finalizado', '2023-04-01', '2023-05-01', 28),
(928, 'Fase 928 del Proyecto 29', 'En Progreso', '2023-05-01', '2023-06-01', 29),
(929, 'Fase 929 del Proyecto 30', 'Finalizado', '2023-06-01', '2023-07-01', 30),
(930, 'Fase 930 del Proyecto 31', 'En Progreso', '2023-07-01', '2023-08-01', 31),
(931, 'Fase 931 del Proyecto 32', 'Finalizado', '2023-08-01', '2023-09-01', 32),
(932, 'Fase 932 del Proyecto 33', 'En Progreso', '2023-09-01', '2023-10-01', 33),
(933, 'Fase 933 del Proyecto 34', 'Finalizado', '2023-10-01', '2023-11-01', 34),
(934, 'Fase 934 del Proyecto 35', 'En Progreso', '2023-11-01', '2023-12-01', 35),
(935, 'Fase 935 del Proyecto 36', 'Finalizado', '2023-12-01', '2023-12-30', 36),
(936, 'Fase 936 del Proyecto 37', 'En Progreso', '2023-01-01', '2023-02-01', 37),
(937, 'Fase 937 del Proyecto 38', 'Finalizado', '2023-02-01', '2023-03-01', 38),
(938, 'Fase 938 del Proyecto 39', 'En Progreso', '2023-03-01', '2023-04-01', 39),
(939, 'Fase 939 del Proyecto 40', 'Finalizado', '2023-04-01', '2023-05-01', 40),
(940, 'Fase 940 del Proyecto 41', 'En Progreso', '2023-05-01', '2023-06-01', 41),
(941, 'Fase 941 del Proyecto 42', 'Finalizado', '2023-06-01', '2023-07-01', 42),
(942, 'Fase 942 del Proyecto 43', 'En Progreso', '2023-07-01', '2023-08-01', 43),
(943, 'Fase 943 del Proyecto 44', 'Finalizado', '2023-08-01', '2023-09-01', 44),
(944, 'Fase 944 del Proyecto 45', 'En Progreso', '2023-09-01', '2023-10-01', 45),
(945, 'Fase 945 del Proyecto 46', 'Finalizado', '2023-10-01', '2023-11-01', 46),
(946, 'Fase 946 del Proyecto 47', 'En Progreso', '2023-11-01', '2023-12-01', 47),
(947, 'Fase 947 del Proyecto 48', 'Finalizado', '2023-12-01', '2023-12-30', 48),
(948, 'Fase 948 del Proyecto 49', 'En Progreso', '2023-01-01', '2023-02-01', 49),
(949, 'Fase 949 del Proyecto 50', 'Finalizado', '2023-02-01', '2023-03-01', 50),
(950, 'Fase 950 del Proyecto 51', 'En Progreso', '2023-03-01', '2023-04-01', 51),
(951, 'Fase 951 del Proyecto 52', 'Finalizado', '2023-04-01', '2023-05-01', 52),
(952, 'Fase 952 del Proyecto 53', 'En Progreso', '2023-05-01', '2023-06-01', 53),
(953, 'Fase 953 del Proyecto 54', 'Finalizado', '2023-06-01', '2023-07-01', 54),
(954, 'Fase 954 del Proyecto 55', 'En Progreso', '2023-07-01', '2023-08-01', 55),
(955, 'Fase 955 del Proyecto 56', 'Finalizado', '2023-08-01', '2023-09-01', 56),
(956, 'Fase 956 del Proyecto 57', 'En Progreso', '2023-09-01', '2023-10-01', 57),
(957, 'Fase 957 del Proyecto 58', 'Finalizado', '2023-10-01', '2023-11-01', 58),
(958, 'Fase 958 del Proyecto 59', 'En Progreso', '2023-11-01', '2023-12-01', 59),
(959, 'Fase 959 del Proyecto 60', 'Finalizado', '2023-12-01', '2023-12-30', 60),
(960, 'Fase 960 del Proyecto 61', 'En Progreso', '2023-01-01', '2023-02-01', 61),
(961, 'Fase 961 del Proyecto 62', 'Finalizado', '2023-02-01', '2023-03-01', 62),
(962, 'Fase 962 del Proyecto 63', 'En Progreso', '2023-03-01', '2023-04-01', 63),
(963, 'Fase 963 del Proyecto 64', 'Finalizado', '2023-04-01', '2023-05-01', 64),
(964, 'Fase 964 del Proyecto 65', 'En Progreso', '2023-05-01', '2023-06-01', 65),
(965, 'Fase 965 del Proyecto 66', 'Finalizado', '2023-06-01', '2023-07-01', 66),
(966, 'Fase 966 del Proyecto 67', 'En Progreso', '2023-07-01', '2023-08-01', 67),
(967, 'Fase 967 del Proyecto 68', 'Finalizado', '2023-08-01', '2023-09-01', 68),
(968, 'Fase 968 del Proyecto 69', 'En Progreso', '2023-09-01', '2023-10-01', 69),
(969, 'Fase 969 del Proyecto 70', 'Finalizado', '2023-10-01', '2023-11-01', 70),
(970, 'Fase 970 del Proyecto 71', 'En Progreso', '2023-11-01', '2023-12-01', 71),
(971, 'Fase 971 del Proyecto 72', 'Finalizado', '2023-12-01', '2023-12-30', 72),
(972, 'Fase 972 del Proyecto 73', 'En Progreso', '2023-01-01', '2023-02-01', 73),
(973, 'Fase 973 del Proyecto 74', 'Finalizado', '2023-02-01', '2023-03-01', 74),
(974, 'Fase 974 del Proyecto 75', 'En Progreso', '2023-03-01', '2023-04-01', 75),
(975, 'Fase 975 del Proyecto 76', 'Finalizado', '2023-04-01', '2023-05-01', 76),
(976, 'Fase 976 del Proyecto 77', 'En Progreso', '2023-05-01', '2023-06-01', 77),
(977, 'Fase 977 del Proyecto 78', 'Finalizado', '2023-06-01', '2023-07-01', 78),
(978, 'Fase 978 del Proyecto 79', 'En Progreso', '2023-07-01', '2023-08-01', 79),
(979, 'Fase 979 del Proyecto 80', 'Finalizado', '2023-08-01', '2023-09-01', 80),
(980, 'Fase 980 del Proyecto 81', 'En Progreso', '2023-09-01', '2023-10-01', 81),
(981, 'Fase 981 del Proyecto 82', 'Finalizado', '2023-10-01', '2023-11-01', 82),
(982, 'Fase 982 del Proyecto 83', 'En Progreso', '2023-11-01', '2023-12-01', 83),
(983, 'Fase 983 del Proyecto 84', 'Finalizado', '2023-12-01', '2023-12-30', 84),
(984, 'Fase 984 del Proyecto 85', 'En Progreso', '2023-01-01', '2023-02-01', 85),
(985, 'Fase 985 del Proyecto 86', 'Finalizado', '2023-02-01', '2023-03-01', 86),
(986, 'Fase 986 del Proyecto 87', 'En Progreso', '2023-03-01', '2023-04-01', 87),
(987, 'Fase 987 del Proyecto 88', 'Finalizado', '2023-04-01', '2023-05-01', 88),
(988, 'Fase 988 del Proyecto 89', 'En Progreso', '2023-05-01', '2023-06-01', 89),
(989, 'Fase 989 del Proyecto 90', 'Finalizado', '2023-06-01', '2023-07-01', 90),
(990, 'Fase 990 del Proyecto 91', 'En Progreso', '2023-07-01', '2023-08-01', 91),
(991, 'Fase 991 del Proyecto 92', 'Finalizado', '2023-08-01', '2023-09-01', 92),
(992, 'Fase 992 del Proyecto 93', 'En Progreso', '2023-09-01', '2023-10-01', 93),
(993, 'Fase 993 del Proyecto 94', 'Finalizado', '2023-10-01', '2023-11-01', 94),
(994, 'Fase 994 del Proyecto 95', 'En Progreso', '2023-11-01', '2023-12-01', 95),
(995, 'Fase 995 del Proyecto 96', 'Finalizado', '2023-12-01', '2023-12-30', 96),
(996, 'Fase 996 del Proyecto 97', 'En Progreso', '2023-01-01', '2023-02-01', 97),
(997, 'Fase 997 del Proyecto 98', 'Finalizado', '2023-02-01', '2023-03-01', 98),
(998, 'Fase 998 del Proyecto 99', 'En Progreso', '2023-03-01', '2023-04-01', 99),
(999, 'Fase 999 del Proyecto 100', 'Finalizado', '2023-04-01', '2023-05-01', 100),
(1000, 'Fase 1000 del Proyecto 1', 'En Progreso', '2023-05-01', '2023-06-01', 1),
(1001, 'Fase 1001 del Proyecto 2', 'Finalizado', '2023-06-01', '2023-07-01', 2),
(1002, 'Fase 1002 del Proyecto 3', 'En Progreso', '2023-07-01', '2023-08-01', 3),
(1003, 'Fase 1003 del Proyecto 4', 'Finalizado', '2023-08-01', '2023-09-01', 4),
(1004, 'Fase 1004 del Proyecto 5', 'En Progreso', '2023-09-01', '2023-10-01', 5),
(1005, 'Fase 1005 del Proyecto 6', 'Finalizado', '2023-10-01', '2023-11-01', 6),
(1006, 'Fase 1006 del Proyecto 7', 'En Progreso', '2023-11-01', '2023-12-01', 7),
(1007, 'Fase 1007 del Proyecto 8', 'Finalizado', '2023-12-01', '2023-12-30', 8),
(1008, 'Fase 1008 del Proyecto 9', 'En Progreso', '2023-01-01', '2023-02-01', 9),
(1009, 'Fase 1009 del Proyecto 10', 'Finalizado', '2023-02-01', '2023-03-01', 10),
(1010, 'Fase 1010 del Proyecto 11', 'En Progreso', '2023-03-01', '2023-04-01', 11),
(1011, 'Fase 1011 del Proyecto 12', 'Finalizado', '2023-04-01', '2023-05-01', 12),
(1012, 'Fase 1012 del Proyecto 13', 'En Progreso', '2023-05-01', '2023-06-01', 13),
(1013, 'Fase 1013 del Proyecto 14', 'Finalizado', '2023-06-01', '2023-07-01', 14),
(1014, 'Fase 1014 del Proyecto 15', 'En Progreso', '2023-07-01', '2023-08-01', 15),
(1015, 'Fase 1015 del Proyecto 16', 'Finalizado', '2023-08-01', '2023-09-01', 16),
(1016, 'Fase 1016 del Proyecto 17', 'En Progreso', '2023-09-01', '2023-10-01', 17),
(1017, 'Fase 1017 del Proyecto 18', 'Finalizado', '2023-10-01', '2023-11-01', 18),
(1018, 'Fase 1018 del Proyecto 19', 'En Progreso', '2023-11-01', '2023-12-01', 19),
(1019, 'Fase 1019 del Proyecto 20', 'Finalizado', '2023-12-01', '2023-12-30', 20),
(1020, 'Fase 1020 del Proyecto 21', 'En Progreso', '2023-01-01', '2023-02-01', 21),
(1021, 'Fase 1021 del Proyecto 22', 'Finalizado', '2023-02-01', '2023-03-01', 22),
(1022, 'Fase 1022 del Proyecto 23', 'En Progreso', '2023-03-01', '2023-04-01', 23),
(1023, 'Fase 1023 del Proyecto 24', 'Finalizado', '2023-04-01', '2023-05-01', 24),
(1024, 'Fase 1024 del Proyecto 25', 'En Progreso', '2023-05-01', '2023-06-01', 25),
(1025, 'Fase 1025 del Proyecto 26', 'Finalizado', '2023-06-01', '2023-07-01', 26),
(1026, 'Fase 1026 del Proyecto 27', 'En Progreso', '2023-07-01', '2023-08-01', 27),
(1027, 'Fase 1027 del Proyecto 28', 'Finalizado', '2023-08-01', '2023-09-01', 28),
(1028, 'Fase 1028 del Proyecto 29', 'En Progreso', '2023-09-01', '2023-10-01', 29),
(1029, 'Fase 1029 del Proyecto 30', 'Finalizado', '2023-10-01', '2023-11-01', 30),
(1030, 'Fase 1030 del Proyecto 31', 'En Progreso', '2023-11-01', '2023-12-01', 31),
(1031, 'Fase 1031 del Proyecto 32', 'Finalizado', '2023-12-01', '2023-12-30', 32),
(1032, 'Fase 1032 del Proyecto 33', 'En Progreso', '2023-01-01', '2023-02-01', 33),
(1033, 'Fase 1033 del Proyecto 34', 'Finalizado', '2023-02-01', '2023-03-01', 34),
(1034, 'Fase 1034 del Proyecto 35', 'En Progreso', '2023-03-01', '2023-04-01', 35),
(1035, 'Fase 1035 del Proyecto 36', 'Finalizado', '2023-04-01', '2023-05-01', 36),
(1036, 'Fase 1036 del Proyecto 37', 'En Progreso', '2023-05-01', '2023-06-01', 37),
(1037, 'Fase 1037 del Proyecto 38', 'Finalizado', '2023-06-01', '2023-07-01', 38),
(1038, 'Fase 1038 del Proyecto 39', 'En Progreso', '2023-07-01', '2023-08-01', 39),
(1039, 'Fase 1039 del Proyecto 40', 'Finalizado', '2023-08-01', '2023-09-01', 40),
(1040, 'Fase 1040 del Proyecto 41', 'En Progreso', '2023-09-01', '2023-10-01', 41),
(1041, 'Fase 1041 del Proyecto 42', 'Finalizado', '2023-10-01', '2023-11-01', 42),
(1042, 'Fase 1042 del Proyecto 43', 'En Progreso', '2023-11-01', '2023-12-01', 43),
(1043, 'Fase 1043 del Proyecto 44', 'Finalizado', '2023-12-01', '2023-12-30', 44),
(1044, 'Fase 1044 del Proyecto 45', 'En Progreso', '2023-01-01', '2023-02-01', 45),
(1045, 'Fase 1045 del Proyecto 46', 'Finalizado', '2023-02-01', '2023-03-01', 46),
(1046, 'Fase 1046 del Proyecto 47', 'En Progreso', '2023-03-01', '2023-04-01', 47),
(1047, 'Fase 1047 del Proyecto 48', 'Finalizado', '2023-04-01', '2023-05-01', 48),
(1048, 'Fase 1048 del Proyecto 49', 'En Progreso', '2023-05-01', '2023-06-01', 49),
(1049, 'Fase 1049 del Proyecto 50', 'Finalizado', '2023-06-01', '2023-07-01', 50),
(1050, 'Fase 1050 del Proyecto 51', 'En Progreso', '2023-07-01', '2023-08-01', 51),
(1051, 'Fase 1051 del Proyecto 52', 'Finalizado', '2023-08-01', '2023-09-01', 52),
(1052, 'Fase 1052 del Proyecto 53', 'En Progreso', '2023-09-01', '2023-10-01', 53),
(1053, 'Fase 1053 del Proyecto 54', 'Finalizado', '2023-10-01', '2023-11-01', 54),
(1054, 'Fase 1054 del Proyecto 55', 'En Progreso', '2023-11-01', '2023-12-01', 55),
(1055, 'Fase 1055 del Proyecto 56', 'Finalizado', '2023-12-01', '2023-12-30', 56),
(1056, 'Fase 1056 del Proyecto 57', 'En Progreso', '2023-01-01', '2023-02-01', 57),
(1057, 'Fase 1057 del Proyecto 58', 'Finalizado', '2023-02-01', '2023-03-01', 58),
(1058, 'Fase 1058 del Proyecto 59', 'En Progreso', '2023-03-01', '2023-04-01', 59),
(1059, 'Fase 1059 del Proyecto 60', 'Finalizado', '2023-04-01', '2023-05-01', 60),
(1060, 'Fase 1060 del Proyecto 61', 'En Progreso', '2023-05-01', '2023-06-01', 61),
(1061, 'Fase 1061 del Proyecto 62', 'Finalizado', '2023-06-01', '2023-07-01', 62),
(1062, 'Fase 1062 del Proyecto 63', 'En Progreso', '2023-07-01', '2023-08-01', 63),
(1063, 'Fase 1063 del Proyecto 64', 'Finalizado', '2023-08-01', '2023-09-01', 64),
(1064, 'Fase 1064 del Proyecto 65', 'En Progreso', '2023-09-01', '2023-10-01', 65),
(1065, 'Fase 1065 del Proyecto 66', 'Finalizado', '2023-10-01', '2023-11-01', 66),
(1066, 'Fase 1066 del Proyecto 67', 'En Progreso', '2023-11-01', '2023-12-01', 67),
(1067, 'Fase 1067 del Proyecto 68', 'Finalizado', '2023-12-01', '2023-12-30', 68),
(1068, 'Fase 1068 del Proyecto 69', 'En Progreso', '2023-01-01', '2023-02-01', 69),
(1069, 'Fase 1069 del Proyecto 70', 'Finalizado', '2023-02-01', '2023-03-01', 70),
(1070, 'Fase 1070 del Proyecto 71', 'En Progreso', '2023-03-01', '2023-04-01', 71),
(1071, 'Fase 1071 del Proyecto 72', 'Finalizado', '2023-04-01', '2023-05-01', 72),
(1072, 'Fase 1072 del Proyecto 73', 'En Progreso', '2023-05-01', '2023-06-01', 73),
(1073, 'Fase 1073 del Proyecto 74', 'Finalizado', '2023-06-01', '2023-07-01', 74),
(1074, 'Fase 1074 del Proyecto 75', 'En Progreso', '2023-07-01', '2023-08-01', 75),
(1075, 'Fase 1075 del Proyecto 76', 'Finalizado', '2023-08-01', '2023-09-01', 76),
(1076, 'Fase 1076 del Proyecto 77', 'En Progreso', '2023-09-01', '2023-10-01', 77),
(1077, 'Fase 1077 del Proyecto 78', 'Finalizado', '2023-10-01', '2023-11-01', 78),
(1078, 'Fase 1078 del Proyecto 79', 'En Progreso', '2023-11-01', '2023-12-01', 79),
(1079, 'Fase 1079 del Proyecto 80', 'Finalizado', '2023-12-01', '2023-12-30', 80),
(1080, 'Fase 1080 del Proyecto 81', 'En Progreso', '2023-01-01', '2023-02-01', 81),
(1081, 'Fase 1081 del Proyecto 82', 'Finalizado', '2023-02-01', '2023-03-01', 82),
(1082, 'Fase 1082 del Proyecto 83', 'En Progreso', '2023-03-01', '2023-04-01', 83),
(1083, 'Fase 1083 del Proyecto 84', 'Finalizado', '2023-04-01', '2023-05-01', 84),
(1084, 'Fase 1084 del Proyecto 85', 'En Progreso', '2023-05-01', '2023-06-01', 85),
(1085, 'Fase 1085 del Proyecto 86', 'Finalizado', '2023-06-01', '2023-07-01', 86),
(1086, 'Fase 1086 del Proyecto 87', 'En Progreso', '2023-07-01', '2023-08-01', 87),
(1087, 'Fase 1087 del Proyecto 88', 'Finalizado', '2023-08-01', '2023-09-01', 88),
(1088, 'Fase 1088 del Proyecto 89', 'En Progreso', '2023-09-01', '2023-10-01', 89),
(1089, 'Fase 1089 del Proyecto 90', 'Finalizado', '2023-10-01', '2023-11-01', 90),
(1090, 'Fase 1090 del Proyecto 91', 'En Progreso', '2023-11-01', '2023-12-01', 91),
(1091, 'Fase 1091 del Proyecto 92', 'Finalizado', '2023-12-01', '2023-12-30', 92),
(1092, 'Fase 1092 del Proyecto 93', 'En Progreso', '2023-01-01', '2023-02-01', 93),
(1093, 'Fase 1093 del Proyecto 94', 'Finalizado', '2023-02-01', '2023-03-01', 94),
(1094, 'Fase 1094 del Proyecto 95', 'En Progreso', '2023-03-01', '2023-04-01', 95),
(1095, 'Fase 1095 del Proyecto 96', 'Finalizado', '2023-04-01', '2023-05-01', 96),
(1096, 'Fase 1096 del Proyecto 97', 'En Progreso', '2023-05-01', '2023-06-01', 97),
(1097, 'Fase 1097 del Proyecto 98', 'Finalizado', '2023-06-01', '2023-07-01', 98),
(1098, 'Fase 1098 del Proyecto 99', 'En Progreso', '2023-07-01', '2023-08-01', 99),
(1099, 'Fase 1099 del Proyecto 100', 'Finalizado', '2023-08-01', '2023-09-01', 100),
(1100, 'Fase 1100 del Proyecto 1', 'En Progreso', '2023-09-01', '2023-10-01', 1),
(1101, 'Fase 1101 del Proyecto 2', 'Finalizado', '2023-10-01', '2023-11-01', 2),
(1102, 'Fase 1102 del Proyecto 3', 'En Progreso', '2023-11-01', '2023-12-01', 3),
(1103, 'Fase 1103 del Proyecto 4', 'Finalizado', '2023-12-01', '2023-12-30', 4),
(1104, 'Fase 1104 del Proyecto 5', 'En Progreso', '2023-01-01', '2023-02-01', 5),
(1105, 'Fase 1105 del Proyecto 6', 'Finalizado', '2023-02-01', '2023-03-01', 6),
(1106, 'Fase 1106 del Proyecto 7', 'En Progreso', '2023-03-01', '2023-04-01', 7),
(1107, 'Fase 1107 del Proyecto 8', 'Finalizado', '2023-04-01', '2023-05-01', 8),
(1108, 'Fase 1108 del Proyecto 9', 'En Progreso', '2023-05-01', '2023-06-01', 9),
(1109, 'Fase 1109 del Proyecto 10', 'Finalizado', '2023-06-01', '2023-07-01', 10),
(1110, 'Fase 1110 del Proyecto 11', 'En Progreso', '2023-07-01', '2023-08-01', 11),
(1111, 'Fase 1111 del Proyecto 12', 'Finalizado', '2023-08-01', '2023-09-01', 12),
(1112, 'Fase 1112 del Proyecto 13', 'En Progreso', '2023-09-01', '2023-10-01', 13),
(1113, 'Fase 1113 del Proyecto 14', 'Finalizado', '2023-10-01', '2023-11-01', 14),
(1114, 'Fase 1114 del Proyecto 15', 'En Progreso', '2023-11-01', '2023-12-01', 15),
(1115, 'Fase 1115 del Proyecto 16', 'Finalizado', '2023-12-01', '2023-12-30', 16),
(1116, 'Fase 1116 del Proyecto 17', 'En Progreso', '2023-01-01', '2023-02-01', 17),
(1117, 'Fase 1117 del Proyecto 18', 'Finalizado', '2023-02-01', '2023-03-01', 18),
(1118, 'Fase 1118 del Proyecto 19', 'En Progreso', '2023-03-01', '2023-04-01', 19),
(1119, 'Fase 1119 del Proyecto 20', 'Finalizado', '2023-04-01', '2023-05-01', 20),
(1120, 'Fase 1120 del Proyecto 21', 'En Progreso', '2023-05-01', '2023-06-01', 21),
(1121, 'Fase 1121 del Proyecto 22', 'Finalizado', '2023-06-01', '2023-07-01', 22),
(1122, 'Fase 1122 del Proyecto 23', 'En Progreso', '2023-07-01', '2023-08-01', 23),
(1123, 'Fase 1123 del Proyecto 24', 'Finalizado', '2023-08-01', '2023-09-01', 24),
(1124, 'Fase 1124 del Proyecto 25', 'En Progreso', '2023-09-01', '2023-10-01', 25),
(1125, 'Fase 1125 del Proyecto 26', 'Finalizado', '2023-10-01', '2023-11-01', 26),
(1126, 'Fase 1126 del Proyecto 27', 'En Progreso', '2023-11-01', '2023-12-01', 27),
(1127, 'Fase 1127 del Proyecto 28', 'Finalizado', '2023-12-01', '2023-12-30', 28),
(1128, 'Fase 1128 del Proyecto 29', 'En Progreso', '2023-01-01', '2023-02-01', 29),
(1129, 'Fase 1129 del Proyecto 30', 'Finalizado', '2023-02-01', '2023-03-01', 30),
(1130, 'Fase 1130 del Proyecto 31', 'En Progreso', '2023-03-01', '2023-04-01', 31),
(1131, 'Fase 1131 del Proyecto 32', 'Finalizado', '2023-04-01', '2023-05-01', 32),
(1132, 'Fase 1132 del Proyecto 33', 'En Progreso', '2023-05-01', '2023-06-01', 33),
(1133, 'Fase 1133 del Proyecto 34', 'Finalizado', '2023-06-01', '2023-07-01', 34),
(1134, 'Fase 1134 del Proyecto 35', 'En Progreso', '2023-07-01', '2023-08-01', 35),
(1135, 'Fase 1135 del Proyecto 36', 'Finalizado', '2023-08-01', '2023-09-01', 36),
(1136, 'Fase 1136 del Proyecto 37', 'En Progreso', '2023-09-01', '2023-10-01', 37),
(1137, 'Fase 1137 del Proyecto 38', 'Finalizado', '2023-10-01', '2023-11-01', 38),
(1138, 'Fase 1138 del Proyecto 39', 'En Progreso', '2023-11-01', '2023-12-01', 39),
(1139, 'Fase 1139 del Proyecto 40', 'Finalizado', '2023-12-01', '2023-12-30', 40),
(1140, 'Fase 1140 del Proyecto 41', 'En Progreso', '2023-01-01', '2023-02-01', 41),
(1141, 'Fase 1141 del Proyecto 42', 'Finalizado', '2023-02-01', '2023-03-01', 42),
(1142, 'Fase 1142 del Proyecto 43', 'En Progreso', '2023-03-01', '2023-04-01', 43),
(1143, 'Fase 1143 del Proyecto 44', 'Finalizado', '2023-04-01', '2023-05-01', 44),
(1144, 'Fase 1144 del Proyecto 45', 'En Progreso', '2023-05-01', '2023-06-01', 45),
(1145, 'Fase 1145 del Proyecto 46', 'Finalizado', '2023-06-01', '2023-07-01', 46),
(1146, 'Fase 1146 del Proyecto 47', 'En Progreso', '2023-07-01', '2023-08-01', 47),
(1147, 'Fase 1147 del Proyecto 48', 'Finalizado', '2023-08-01', '2023-09-01', 48),
(1148, 'Fase 1148 del Proyecto 49', 'En Progreso', '2023-09-01', '2023-10-01', 49),
(1149, 'Fase 1149 del Proyecto 50', 'Finalizado', '2023-10-01', '2023-11-01', 50),
(1150, 'Fase 1150 del Proyecto 51', 'En Progreso', '2023-11-01', '2023-12-01', 51),
(1151, 'Fase 1151 del Proyecto 52', 'Finalizado', '2023-12-01', '2023-12-30', 52),
(1152, 'Fase 1152 del Proyecto 53', 'En Progreso', '2023-01-01', '2023-02-01', 53),
(1153, 'Fase 1153 del Proyecto 54', 'Finalizado', '2023-02-01', '2023-03-01', 54),
(1154, 'Fase 1154 del Proyecto 55', 'En Progreso', '2023-03-01', '2023-04-01', 55),
(1155, 'Fase 1155 del Proyecto 56', 'Finalizado', '2023-04-01', '2023-05-01', 56),
(1156, 'Fase 1156 del Proyecto 57', 'En Progreso', '2023-05-01', '2023-06-01', 57),
(1157, 'Fase 1157 del Proyecto 58', 'Finalizado', '2023-06-01', '2023-07-01', 58),
(1158, 'Fase 1158 del Proyecto 59', 'En Progreso', '2023-07-01', '2023-08-01', 59),
(1159, 'Fase 1159 del Proyecto 60', 'Finalizado', '2023-08-01', '2023-09-01', 60),
(1160, 'Fase 1160 del Proyecto 61', 'En Progreso', '2023-09-01', '2023-10-01', 61),
(1161, 'Fase 1161 del Proyecto 62', 'Finalizado', '2023-10-01', '2023-11-01', 62),
(1162, 'Fase 1162 del Proyecto 63', 'En Progreso', '2023-11-01', '2023-12-01', 63),
(1163, 'Fase 1163 del Proyecto 64', 'Finalizado', '2023-12-01', '2023-12-30', 64),
(1164, 'Fase 1164 del Proyecto 65', 'En Progreso', '2023-01-01', '2023-02-01', 65),
(1165, 'Fase 1165 del Proyecto 66', 'Finalizado', '2023-02-01', '2023-03-01', 66),
(1166, 'Fase 1166 del Proyecto 67', 'En Progreso', '2023-03-01', '2023-04-01', 67),
(1167, 'Fase 1167 del Proyecto 68', 'Finalizado', '2023-04-01', '2023-05-01', 68),
(1168, 'Fase 1168 del Proyecto 69', 'En Progreso', '2023-05-01', '2023-06-01', 69),
(1169, 'Fase 1169 del Proyecto 70', 'Finalizado', '2023-06-01', '2023-07-01', 70),
(1170, 'Fase 1170 del Proyecto 71', 'En Progreso', '2023-07-01', '2023-08-01', 71),
(1171, 'Fase 1171 del Proyecto 72', 'Finalizado', '2023-08-01', '2023-09-01', 72),
(1172, 'Fase 1172 del Proyecto 73', 'En Progreso', '2023-09-01', '2023-10-01', 73),
(1173, 'Fase 1173 del Proyecto 74', 'Finalizado', '2023-10-01', '2023-11-01', 74),
(1174, 'Fase 1174 del Proyecto 75', 'En Progreso', '2023-11-01', '2023-12-01', 75),
(1175, 'Fase 1175 del Proyecto 76', 'Finalizado', '2023-12-01', '2023-12-30', 76),
(1176, 'Fase 1176 del Proyecto 77', 'En Progreso', '2023-01-01', '2023-02-01', 77),
(1177, 'Fase 1177 del Proyecto 78', 'Finalizado', '2023-02-01', '2023-03-01', 78),
(1178, 'Fase 1178 del Proyecto 79', 'En Progreso', '2023-03-01', '2023-04-01', 79),
(1179, 'Fase 1179 del Proyecto 80', 'Finalizado', '2023-04-01', '2023-05-01', 80),
(1180, 'Fase 1180 del Proyecto 81', 'En Progreso', '2023-05-01', '2023-06-01', 81),
(1181, 'Fase 1181 del Proyecto 82', 'Finalizado', '2023-06-01', '2023-07-01', 82),
(1182, 'Fase 1182 del Proyecto 83', 'En Progreso', '2023-07-01', '2023-08-01', 83),
(1183, 'Fase 1183 del Proyecto 84', 'Finalizado', '2023-08-01', '2023-09-01', 84),
(1184, 'Fase 1184 del Proyecto 85', 'En Progreso', '2023-09-01', '2023-10-01', 85),
(1185, 'Fase 1185 del Proyecto 86', 'Finalizado', '2023-10-01', '2023-11-01', 86),
(1186, 'Fase 1186 del Proyecto 87', 'En Progreso', '2023-11-01', '2023-12-01', 87),
(1187, 'Fase 1187 del Proyecto 88', 'Finalizado', '2023-12-01', '2023-12-30', 88),
(1188, 'Fase 1188 del Proyecto 89', 'En Progreso', '2023-01-01', '2023-02-01', 89),
(1189, 'Fase 1189 del Proyecto 90', 'Finalizado', '2023-02-01', '2023-03-01', 90),
(1190, 'Fase 1190 del Proyecto 91', 'En Progreso', '2023-03-01', '2023-04-01', 91),
(1191, 'Fase 1191 del Proyecto 92', 'Finalizado', '2023-04-01', '2023-05-01', 92),
(1192, 'Fase 1192 del Proyecto 93', 'En Progreso', '2023-05-01', '2023-06-01', 93),
(1193, 'Fase 1193 del Proyecto 94', 'Finalizado', '2023-06-01', '2023-07-01', 94),
(1194, 'Fase 1194 del Proyecto 95', 'En Progreso', '2023-07-01', '2023-08-01', 95),
(1195, 'Fase 1195 del Proyecto 96', 'Finalizado', '2023-08-01', '2023-09-01', 96),
(1196, 'Fase 1196 del Proyecto 97', 'En Progreso', '2023-09-01', '2023-10-01', 97),
(1197, 'Fase 1197 del Proyecto 98', 'Finalizado', '2023-10-01', '2023-11-01', 98),
(1198, 'Fase 1198 del Proyecto 99', 'En Progreso', '2023-11-01', '2023-12-01', 99),
(1199, 'Fase 1199 del Proyecto 100', 'Finalizado', '2023-12-01', '2023-12-30', 100),
(1200, 'Fase 1200 del Proyecto 1', 'En Progreso', '2023-01-01', '2023-02-01', 1),
(1201, 'Fase 1201 del Proyecto 2', 'Finalizado', '2023-02-01', '2023-03-01', 2),
(1202, 'Fase 1202 del Proyecto 3', 'En Progreso', '2023-03-01', '2023-04-01', 3),
(1203, 'Fase 1203 del Proyecto 4', 'Finalizado', '2023-04-01', '2023-05-01', 4),
(1204, 'Fase 1204 del Proyecto 5', 'En Progreso', '2023-05-01', '2023-06-01', 5),
(1205, 'Fase 1205 del Proyecto 6', 'Finalizado', '2023-06-01', '2023-07-01', 6),
(1206, 'Fase 1206 del Proyecto 7', 'En Progreso', '2023-07-01', '2023-08-01', 7),
(1207, 'Fase 1207 del Proyecto 8', 'Finalizado', '2023-08-01', '2023-09-01', 8),
(1208, 'Fase 1208 del Proyecto 9', 'En Progreso', '2023-09-01', '2023-10-01', 9),
(1209, 'Fase 1209 del Proyecto 10', 'Finalizado', '2023-10-01', '2023-11-01', 10),
(1210, 'Fase 1210 del Proyecto 11', 'En Progreso', '2023-11-01', '2023-12-01', 11),
(1211, 'Fase 1211 del Proyecto 12', 'Finalizado', '2023-12-01', '2023-12-30', 12),
(1212, 'Fase 1212 del Proyecto 13', 'En Progreso', '2023-01-01', '2023-02-01', 13),
(1213, 'Fase 1213 del Proyecto 14', 'Finalizado', '2023-02-01', '2023-03-01', 14),
(1214, 'Fase 1214 del Proyecto 15', 'En Progreso', '2023-03-01', '2023-04-01', 15),
(1215, 'Fase 1215 del Proyecto 16', 'Finalizado', '2023-04-01', '2023-05-01', 16),
(1216, 'Fase 1216 del Proyecto 17', 'En Progreso', '2023-05-01', '2023-06-01', 17),
(1217, 'Fase 1217 del Proyecto 18', 'Finalizado', '2023-06-01', '2023-07-01', 18),
(1218, 'Fase 1218 del Proyecto 19', 'En Progreso', '2023-07-01', '2023-08-01', 19),
(1219, 'Fase 1219 del Proyecto 20', 'Finalizado', '2023-08-01', '2023-09-01', 20),
(1220, 'Fase 1220 del Proyecto 21', 'En Progreso', '2023-09-01', '2023-10-01', 21),
(1221, 'Fase 1221 del Proyecto 22', 'Finalizado', '2023-10-01', '2023-11-01', 22),
(1222, 'Fase 1222 del Proyecto 23', 'En Progreso', '2023-11-01', '2023-12-01', 23),
(1223, 'Fase 1223 del Proyecto 24', 'Finalizado', '2023-12-01', '2023-12-30', 24),
(1224, 'Fase 1224 del Proyecto 25', 'En Progreso', '2023-01-01', '2023-02-01', 25),
(1225, 'Fase 1225 del Proyecto 26', 'Finalizado', '2023-02-01', '2023-03-01', 26),
(1226, 'Fase 1226 del Proyecto 27', 'En Progreso', '2023-03-01', '2023-04-01', 27),
(1227, 'Fase 1227 del Proyecto 28', 'Finalizado', '2023-04-01', '2023-05-01', 28),
(1228, 'Fase 1228 del Proyecto 29', 'En Progreso', '2023-05-01', '2023-06-01', 29),
(1229, 'Fase 1229 del Proyecto 30', 'Finalizado', '2023-06-01', '2023-07-01', 30),
(1230, 'Fase 1230 del Proyecto 31', 'En Progreso', '2023-07-01', '2023-08-01', 31),
(1231, 'Fase 1231 del Proyecto 32', 'Finalizado', '2023-08-01', '2023-09-01', 32),
(1232, 'Fase 1232 del Proyecto 33', 'En Progreso', '2023-09-01', '2023-10-01', 33),
(1233, 'Fase 1233 del Proyecto 34', 'Finalizado', '2023-10-01', '2023-11-01', 34),
(1234, 'Fase 1234 del Proyecto 35', 'En Progreso', '2023-11-01', '2023-12-01', 35),
(1235, 'Fase 1235 del Proyecto 36', 'Finalizado', '2023-12-01', '2023-12-30', 36),
(1236, 'Fase 1236 del Proyecto 37', 'En Progreso', '2023-01-01', '2023-02-01', 37),
(1237, 'Fase 1237 del Proyecto 38', 'Finalizado', '2023-02-01', '2023-03-01', 38),
(1238, 'Fase 1238 del Proyecto 39', 'En Progreso', '2023-03-01', '2023-04-01', 39),
(1239, 'Fase 1239 del Proyecto 40', 'Finalizado', '2023-04-01', '2023-05-01', 40),
(1240, 'Fase 1240 del Proyecto 41', 'En Progreso', '2023-05-01', '2023-06-01', 41),
(1241, 'Fase 1241 del Proyecto 42', 'Finalizado', '2023-06-01', '2023-07-01', 42),
(1242, 'Fase 1242 del Proyecto 43', 'En Progreso', '2023-07-01', '2023-08-01', 43),
(1243, 'Fase 1243 del Proyecto 44', 'Finalizado', '2023-08-01', '2023-09-01', 44),
(1244, 'Fase 1244 del Proyecto 45', 'En Progreso', '2023-09-01', '2023-10-01', 45),
(1245, 'Fase 1245 del Proyecto 46', 'Finalizado', '2023-10-01', '2023-11-01', 46),
(1246, 'Fase 1246 del Proyecto 47', 'En Progreso', '2023-11-01', '2023-12-01', 47),
(1247, 'Fase 1247 del Proyecto 48', 'Finalizado', '2023-12-01', '2023-12-30', 48),
(1248, 'Fase 1248 del Proyecto 49', 'En Progreso', '2023-01-01', '2023-02-01', 49),
(1249, 'Fase 1249 del Proyecto 50', 'Finalizado', '2023-02-01', '2023-03-01', 50),
(1250, 'Fase 1250 del Proyecto 51', 'En Progreso', '2023-03-01', '2023-04-01', 51),
(1251, 'Fase 1251 del Proyecto 52', 'Finalizado', '2023-04-01', '2023-05-01', 52),
(1252, 'Fase 1252 del Proyecto 53', 'En Progreso', '2023-05-01', '2023-06-01', 53),
(1253, 'Fase 1253 del Proyecto 54', 'Finalizado', '2023-06-01', '2023-07-01', 54),
(1254, 'Fase 1254 del Proyecto 55', 'En Progreso', '2023-07-01', '2023-08-01', 55),
(1255, 'Fase 1255 del Proyecto 56', 'Finalizado', '2023-08-01', '2023-09-01', 56),
(1256, 'Fase 1256 del Proyecto 57', 'En Progreso', '2023-09-01', '2023-10-01', 57),
(1257, 'Fase 1257 del Proyecto 58', 'Finalizado', '2023-10-01', '2023-11-01', 58),
(1258, 'Fase 1258 del Proyecto 59', 'En Progreso', '2023-11-01', '2023-12-01', 59),
(1259, 'Fase 1259 del Proyecto 60', 'Finalizado', '2023-12-01', '2023-12-30', 60),
(1260, 'Fase 1260 del Proyecto 61', 'En Progreso', '2023-01-01', '2023-02-01', 61),
(1261, 'Fase 1261 del Proyecto 62', 'Finalizado', '2023-02-01', '2023-03-01', 62),
(1262, 'Fase 1262 del Proyecto 63', 'En Progreso', '2023-03-01', '2023-04-01', 63),
(1263, 'Fase 1263 del Proyecto 64', 'Finalizado', '2023-04-01', '2023-05-01', 64),
(1264, 'Fase 1264 del Proyecto 65', 'En Progreso', '2023-05-01', '2023-06-01', 65),
(1265, 'Fase 1265 del Proyecto 66', 'Finalizado', '2023-06-01', '2023-07-01', 66),
(1266, 'Fase 1266 del Proyecto 67', 'En Progreso', '2023-07-01', '2023-08-01', 67),
(1267, 'Fase 1267 del Proyecto 68', 'Finalizado', '2023-08-01', '2023-09-01', 68),
(1268, 'Fase 1268 del Proyecto 69', 'En Progreso', '2023-09-01', '2023-10-01', 69),
(1269, 'Fase 1269 del Proyecto 70', 'Finalizado', '2023-10-01', '2023-11-01', 70),
(1270, 'Fase 1270 del Proyecto 71', 'En Progreso', '2023-11-01', '2023-12-01', 71),
(1271, 'Fase 1271 del Proyecto 72', 'Finalizado', '2023-12-01', '2023-12-30', 72),
(1272, 'Fase 1272 del Proyecto 73', 'En Progreso', '2023-01-01', '2023-02-01', 73),
(1273, 'Fase 1273 del Proyecto 74', 'Finalizado', '2023-02-01', '2023-03-01', 74),
(1274, 'Fase 1274 del Proyecto 75', 'En Progreso', '2023-03-01', '2023-04-01', 75),
(1275, 'Fase 1275 del Proyecto 76', 'Finalizado', '2023-04-01', '2023-05-01', 76),
(1276, 'Fase 1276 del Proyecto 77', 'En Progreso', '2023-05-01', '2023-06-01', 77),
(1277, 'Fase 1277 del Proyecto 78', 'Finalizado', '2023-06-01', '2023-07-01', 78),
(1278, 'Fase 1278 del Proyecto 79', 'En Progreso', '2023-07-01', '2023-08-01', 79),
(1279, 'Fase 1279 del Proyecto 80', 'Finalizado', '2023-08-01', '2023-09-01', 80),
(1280, 'Fase 1280 del Proyecto 81', 'En Progreso', '2023-09-01', '2023-10-01', 81),
(1281, 'Fase 1281 del Proyecto 82', 'Finalizado', '2023-10-01', '2023-11-01', 82),
(1282, 'Fase 1282 del Proyecto 83', 'En Progreso', '2023-11-01', '2023-12-01', 83),
(1283, 'Fase 1283 del Proyecto 84', 'Finalizado', '2023-12-01', '2023-12-30', 84),
(1284, 'Fase 1284 del Proyecto 85', 'En Progreso', '2023-01-01', '2023-02-01', 85),
(1285, 'Fase 1285 del Proyecto 86', 'Finalizado', '2023-02-01', '2023-03-01', 86),
(1286, 'Fase 1286 del Proyecto 87', 'En Progreso', '2023-03-01', '2023-04-01', 87),
(1287, 'Fase 1287 del Proyecto 88', 'Finalizado', '2023-04-01', '2023-05-01', 88),
(1288, 'Fase 1288 del Proyecto 89', 'En Progreso', '2023-05-01', '2023-06-01', 89),
(1289, 'Fase 1289 del Proyecto 90', 'Finalizado', '2023-06-01', '2023-07-01', 90),
(1290, 'Fase 1290 del Proyecto 91', 'En Progreso', '2023-07-01', '2023-08-01', 91),
(1291, 'Fase 1291 del Proyecto 92', 'Finalizado', '2023-08-01', '2023-09-01', 92),
(1292, 'Fase 1292 del Proyecto 93', 'En Progreso', '2023-09-01', '2023-10-01', 93),
(1293, 'Fase 1293 del Proyecto 94', 'Finalizado', '2023-10-01', '2023-11-01', 94),
(1294, 'Fase 1294 del Proyecto 95', 'En Progreso', '2023-11-01', '2023-12-01', 95),
(1295, 'Fase 1295 del Proyecto 96', 'Finalizado', '2023-12-01', '2023-12-30', 96),
(1296, 'Fase 1296 del Proyecto 97', 'En Progreso', '2023-01-01', '2023-02-01', 97),
(1297, 'Fase 1297 del Proyecto 98', 'Finalizado', '2023-02-01', '2023-03-01', 98),
(1298, 'Fase 1298 del Proyecto 99', 'En Progreso', '2023-03-01', '2023-04-01', 99),
(1299, 'Fase 1299 del Proyecto 100', 'Finalizado', '2023-04-01', '2023-05-01', 100),
(1300, 'Fase 1300 del Proyecto 1', 'En Progreso', '2023-05-01', '2023-06-01', 1),
(1301, 'Fase 1301 del Proyecto 2', 'Finalizado', '2023-06-01', '2023-07-01', 2),
(1302, 'Fase 1302 del Proyecto 3', 'En Progreso', '2023-07-01', '2023-08-01', 3),
(1303, 'Fase 1303 del Proyecto 4', 'Finalizado', '2023-08-01', '2023-09-01', 4),
(1304, 'Fase 1304 del Proyecto 5', 'En Progreso', '2023-09-01', '2023-10-01', 5),
(1305, 'Fase 1305 del Proyecto 6', 'Finalizado', '2023-10-01', '2023-11-01', 6),
(1306, 'Fase 1306 del Proyecto 7', 'En Progreso', '2023-11-01', '2023-12-01', 7),
(1307, 'Fase 1307 del Proyecto 8', 'Finalizado', '2023-12-01', '2023-12-30', 8),
(1308, 'Fase 1308 del Proyecto 9', 'En Progreso', '2023-01-01', '2023-02-01', 9),
(1309, 'Fase 1309 del Proyecto 10', 'Finalizado', '2023-02-01', '2023-03-01', 10),
(1310, 'Fase 1310 del Proyecto 11', 'En Progreso', '2023-03-01', '2023-04-01', 11),
(1311, 'Fase 1311 del Proyecto 12', 'Finalizado', '2023-04-01', '2023-05-01', 12),
(1312, 'Fase 1312 del Proyecto 13', 'En Progreso', '2023-05-01', '2023-06-01', 13),
(1313, 'Fase 1313 del Proyecto 14', 'Finalizado', '2023-06-01', '2023-07-01', 14),
(1314, 'Fase 1314 del Proyecto 15', 'En Progreso', '2023-07-01', '2023-08-01', 15),
(1315, 'Fase 1315 del Proyecto 16', 'Finalizado', '2023-08-01', '2023-09-01', 16),
(1316, 'Fase 1316 del Proyecto 17', 'En Progreso', '2023-09-01', '2023-10-01', 17),
(1317, 'Fase 1317 del Proyecto 18', 'Finalizado', '2023-10-01', '2023-11-01', 18),
(1318, 'Fase 1318 del Proyecto 19', 'En Progreso', '2023-11-01', '2023-12-01', 19),
(1319, 'Fase 1319 del Proyecto 20', 'Finalizado', '2023-12-01', '2023-12-30', 20),
(1320, 'Fase 1320 del Proyecto 21', 'En Progreso', '2023-01-01', '2023-02-01', 21),
(1321, 'Fase 1321 del Proyecto 22', 'Finalizado', '2023-02-01', '2023-03-01', 22),
(1322, 'Fase 1322 del Proyecto 23', 'En Progreso', '2023-03-01', '2023-04-01', 23),
(1323, 'Fase 1323 del Proyecto 24', 'Finalizado', '2023-04-01', '2023-05-01', 24),
(1324, 'Fase 1324 del Proyecto 25', 'En Progreso', '2023-05-01', '2023-06-01', 25),
(1325, 'Fase 1325 del Proyecto 26', 'Finalizado', '2023-06-01', '2023-07-01', 26),
(1326, 'Fase 1326 del Proyecto 27', 'En Progreso', '2023-07-01', '2023-08-01', 27),
(1327, 'Fase 1327 del Proyecto 28', 'Finalizado', '2023-08-01', '2023-09-01', 28),
(1328, 'Fase 1328 del Proyecto 29', 'En Progreso', '2023-09-01', '2023-10-01', 29),
(1329, 'Fase 1329 del Proyecto 30', 'Finalizado', '2023-10-01', '2023-11-01', 30),
(1330, 'Fase 1330 del Proyecto 31', 'En Progreso', '2023-11-01', '2023-12-01', 31),
(1331, 'Fase 1331 del Proyecto 32', 'Finalizado', '2023-12-01', '2023-12-30', 32),
(1332, 'Fase 1332 del Proyecto 33', 'En Progreso', '2023-01-01', '2023-02-01', 33),
(1333, 'Fase 1333 del Proyecto 34', 'Finalizado', '2023-02-01', '2023-03-01', 34),
(1334, 'Fase 1334 del Proyecto 35', 'En Progreso', '2023-03-01', '2023-04-01', 35),
(1335, 'Fase 1335 del Proyecto 36', 'Finalizado', '2023-04-01', '2023-05-01', 36),
(1336, 'Fase 1336 del Proyecto 37', 'En Progreso', '2023-05-01', '2023-06-01', 37),
(1337, 'Fase 1337 del Proyecto 38', 'Finalizado', '2023-06-01', '2023-07-01', 38),
(1338, 'Fase 1338 del Proyecto 39', 'En Progreso', '2023-07-01', '2023-08-01', 39),
(1339, 'Fase 1339 del Proyecto 40', 'Finalizado', '2023-08-01', '2023-09-01', 40),
(1340, 'Fase 1340 del Proyecto 41', 'En Progreso', '2023-09-01', '2023-10-01', 41),
(1341, 'Fase 1341 del Proyecto 42', 'Finalizado', '2023-10-01', '2023-11-01', 42),
(1342, 'Fase 1342 del Proyecto 43', 'En Progreso', '2023-11-01', '2023-12-01', 43),
(1343, 'Fase 1343 del Proyecto 44', 'Finalizado', '2023-12-01', '2023-12-30', 44),
(1344, 'Fase 1344 del Proyecto 45', 'En Progreso', '2023-01-01', '2023-02-01', 45),
(1345, 'Fase 1345 del Proyecto 46', 'Finalizado', '2023-02-01', '2023-03-01', 46),
(1346, 'Fase 1346 del Proyecto 47', 'En Progreso', '2023-03-01', '2023-04-01', 47),
(1347, 'Fase 1347 del Proyecto 48', 'Finalizado', '2023-04-01', '2023-05-01', 48),
(1348, 'Fase 1348 del Proyecto 49', 'En Progreso', '2023-05-01', '2023-06-01', 49),
(1349, 'Fase 1349 del Proyecto 50', 'Finalizado', '2023-06-01', '2023-07-01', 50),
(1350, 'Fase 1350 del Proyecto 51', 'En Progreso', '2023-07-01', '2023-08-01', 51),
(1351, 'Fase 1351 del Proyecto 52', 'Finalizado', '2023-08-01', '2023-09-01', 52),
(1352, 'Fase 1352 del Proyecto 53', 'En Progreso', '2023-09-01', '2023-10-01', 53),
(1353, 'Fase 1353 del Proyecto 54', 'Finalizado', '2023-10-01', '2023-11-01', 54),
(1354, 'Fase 1354 del Proyecto 55', 'En Progreso', '2023-11-01', '2023-12-01', 55),
(1355, 'Fase 1355 del Proyecto 56', 'Finalizado', '2023-12-01', '2023-12-30', 56),
(1356, 'Fase 1356 del Proyecto 57', 'En Progreso', '2023-01-01', '2023-02-01', 57),
(1357, 'Fase 1357 del Proyecto 58', 'Finalizado', '2023-02-01', '2023-03-01', 58),
(1358, 'Fase 1358 del Proyecto 59', 'En Progreso', '2023-03-01', '2023-04-01', 59),
(1359, 'Fase 1359 del Proyecto 60', 'Finalizado', '2023-04-01', '2023-05-01', 60),
(1360, 'Fase 1360 del Proyecto 61', 'En Progreso', '2023-05-01', '2023-06-01', 61),
(1361, 'Fase 1361 del Proyecto 62', 'Finalizado', '2023-06-01', '2023-07-01', 62),
(1362, 'Fase 1362 del Proyecto 63', 'En Progreso', '2023-07-01', '2023-08-01', 63),
(1363, 'Fase 1363 del Proyecto 64', 'Finalizado', '2023-08-01', '2023-09-01', 64),
(1364, 'Fase 1364 del Proyecto 65', 'En Progreso', '2023-09-01', '2023-10-01', 65),
(1365, 'Fase 1365 del Proyecto 66', 'Finalizado', '2023-10-01', '2023-11-01', 66),
(1366, 'Fase 1366 del Proyecto 67', 'En Progreso', '2023-11-01', '2023-12-01', 67),
(1367, 'Fase 1367 del Proyecto 68', 'Finalizado', '2023-12-01', '2023-12-30', 68),
(1368, 'Fase 1368 del Proyecto 69', 'En Progreso', '2023-01-01', '2023-02-01', 69),
(1369, 'Fase 1369 del Proyecto 70', 'Finalizado', '2023-02-01', '2023-03-01', 70),
(1370, 'Fase 1370 del Proyecto 71', 'En Progreso', '2023-03-01', '2023-04-01', 71),
(1371, 'Fase 1371 del Proyecto 72', 'Finalizado', '2023-04-01', '2023-05-01', 72),
(1372, 'Fase 1372 del Proyecto 73', 'En Progreso', '2023-05-01', '2023-06-01', 73),
(1373, 'Fase 1373 del Proyecto 74', 'Finalizado', '2023-06-01', '2023-07-01', 74),
(1374, 'Fase 1374 del Proyecto 75', 'En Progreso', '2023-07-01', '2023-08-01', 75),
(1375, 'Fase 1375 del Proyecto 76', 'Finalizado', '2023-08-01', '2023-09-01', 76),
(1376, 'Fase 1376 del Proyecto 77', 'En Progreso', '2023-09-01', '2023-10-01', 77),
(1377, 'Fase 1377 del Proyecto 78', 'Finalizado', '2023-10-01', '2023-11-01', 78),
(1378, 'Fase 1378 del Proyecto 79', 'En Progreso', '2023-11-01', '2023-12-01', 79),
(1379, 'Fase 1379 del Proyecto 80', 'Finalizado', '2023-12-01', '2023-12-30', 80),
(1380, 'Fase 1380 del Proyecto 81', 'En Progreso', '2023-01-01', '2023-02-01', 81),
(1381, 'Fase 1381 del Proyecto 82', 'Finalizado', '2023-02-01', '2023-03-01', 82),
(1382, 'Fase 1382 del Proyecto 83', 'En Progreso', '2023-03-01', '2023-04-01', 83),
(1383, 'Fase 1383 del Proyecto 84', 'Finalizado', '2023-04-01', '2023-05-01', 84),
(1384, 'Fase 1384 del Proyecto 85', 'En Progreso', '2023-05-01', '2023-06-01', 85),
(1385, 'Fase 1385 del Proyecto 86', 'Finalizado', '2023-06-01', '2023-07-01', 86),
(1386, 'Fase 1386 del Proyecto 87', 'En Progreso', '2023-07-01', '2023-08-01', 87),
(1387, 'Fase 1387 del Proyecto 88', 'Finalizado', '2023-08-01', '2023-09-01', 88),
(1388, 'Fase 1388 del Proyecto 89', 'En Progreso', '2023-09-01', '2023-10-01', 89),
(1389, 'Fase 1389 del Proyecto 90', 'Finalizado', '2023-10-01', '2023-11-01', 90),
(1390, 'Fase 1390 del Proyecto 91', 'En Progreso', '2023-11-01', '2023-12-01', 91),
(1391, 'Fase 1391 del Proyecto 92', 'Finalizado', '2023-12-01', '2023-12-30', 92),
(1392, 'Fase 1392 del Proyecto 93', 'En Progreso', '2023-01-01', '2023-02-01', 93),
(1393, 'Fase 1393 del Proyecto 94', 'Finalizado', '2023-02-01', '2023-03-01', 94),
(1394, 'Fase 1394 del Proyecto 95', 'En Progreso', '2023-03-01', '2023-04-01', 95),
(1395, 'Fase 1395 del Proyecto 96', 'Finalizado', '2023-04-01', '2023-05-01', 96),
(1396, 'Fase 1396 del Proyecto 97', 'En Progreso', '2023-05-01', '2023-06-01', 97),
(1397, 'Fase 1397 del Proyecto 98', 'Finalizado', '2023-06-01', '2023-07-01', 98),
(1398, 'Fase 1398 del Proyecto 99', 'En Progreso', '2023-07-01', '2023-08-01', 99),
(1399, 'Fase 1399 del Proyecto 100', 'Finalizado', '2023-08-01', '2023-09-01', 100),
(1400, 'Fase 1400 del Proyecto 1', 'En Progreso', '2023-09-01', '2023-10-01', 1),
(1401, 'Fase 1401 del Proyecto 2', 'Finalizado', '2023-10-01', '2023-11-01', 2),
(1402, 'Fase 1402 del Proyecto 3', 'En Progreso', '2023-11-01', '2023-12-01', 3),
(1403, 'Fase 1403 del Proyecto 4', 'Finalizado', '2023-12-01', '2023-12-30', 4),
(1404, 'Fase 1404 del Proyecto 5', 'En Progreso', '2023-01-01', '2023-02-01', 5),
(1405, 'Fase 1405 del Proyecto 6', 'Finalizado', '2023-02-01', '2023-03-01', 6),
(1406, 'Fase 1406 del Proyecto 7', 'En Progreso', '2023-03-01', '2023-04-01', 7),
(1407, 'Fase 1407 del Proyecto 8', 'Finalizado', '2023-04-01', '2023-05-01', 8),
(1408, 'Fase 1408 del Proyecto 9', 'En Progreso', '2023-05-01', '2023-06-01', 9),
(1409, 'Fase 1409 del Proyecto 10', 'Finalizado', '2023-06-01', '2023-07-01', 10),
(1410, 'Fase 1410 del Proyecto 11', 'En Progreso', '2023-07-01', '2023-08-01', 11),
(1411, 'Fase 1411 del Proyecto 12', 'Finalizado', '2023-08-01', '2023-09-01', 12),
(1412, 'Fase 1412 del Proyecto 13', 'En Progreso', '2023-09-01', '2023-10-01', 13),
(1413, 'Fase 1413 del Proyecto 14', 'Finalizado', '2023-10-01', '2023-11-01', 14),
(1414, 'Fase 1414 del Proyecto 15', 'En Progreso', '2023-11-01', '2023-12-01', 15),
(1415, 'Fase 1415 del Proyecto 16', 'Finalizado', '2023-12-01', '2023-12-30', 16),
(1416, 'Fase 1416 del Proyecto 17', 'En Progreso', '2023-01-01', '2023-02-01', 17),
(1417, 'Fase 1417 del Proyecto 18', 'Finalizado', '2023-02-01', '2023-03-01', 18),
(1418, 'Fase 1418 del Proyecto 19', 'En Progreso', '2023-03-01', '2023-04-01', 19),
(1419, 'Fase 1419 del Proyecto 20', 'Finalizado', '2023-04-01', '2023-05-01', 20),
(1420, 'Fase 1420 del Proyecto 21', 'En Progreso', '2023-05-01', '2023-06-01', 21),
(1421, 'Fase 1421 del Proyecto 22', 'Finalizado', '2023-06-01', '2023-07-01', 22),
(1422, 'Fase 1422 del Proyecto 23', 'En Progreso', '2023-07-01', '2023-08-01', 23),
(1423, 'Fase 1423 del Proyecto 24', 'Finalizado', '2023-08-01', '2023-09-01', 24),
(1424, 'Fase 1424 del Proyecto 25', 'En Progreso', '2023-09-01', '2023-10-01', 25),
(1425, 'Fase 1425 del Proyecto 26', 'Finalizado', '2023-10-01', '2023-11-01', 26),
(1426, 'Fase 1426 del Proyecto 27', 'En Progreso', '2023-11-01', '2023-12-01', 27),
(1427, 'Fase 1427 del Proyecto 28', 'Finalizado', '2023-12-01', '2023-12-30', 28),
(1428, 'Fase 1428 del Proyecto 29', 'En Progreso', '2023-01-01', '2023-02-01', 29),
(1429, 'Fase 1429 del Proyecto 30', 'Finalizado', '2023-02-01', '2023-03-01', 30),
(1430, 'Fase 1430 del Proyecto 31', 'En Progreso', '2023-03-01', '2023-04-01', 31),
(1431, 'Fase 1431 del Proyecto 32', 'Finalizado', '2023-04-01', '2023-05-01', 32),
(1432, 'Fase 1432 del Proyecto 33', 'En Progreso', '2023-05-01', '2023-06-01', 33),
(1433, 'Fase 1433 del Proyecto 34', 'Finalizado', '2023-06-01', '2023-07-01', 34),
(1434, 'Fase 1434 del Proyecto 35', 'En Progreso', '2023-07-01', '2023-08-01', 35),
(1435, 'Fase 1435 del Proyecto 36', 'Finalizado', '2023-08-01', '2023-09-01', 36),
(1436, 'Fase 1436 del Proyecto 37', 'En Progreso', '2023-09-01', '2023-10-01', 37),
(1437, 'Fase 1437 del Proyecto 38', 'Finalizado', '2023-10-01', '2023-11-01', 38),
(1438, 'Fase 1438 del Proyecto 39', 'En Progreso', '2023-11-01', '2023-12-01', 39),
(1439, 'Fase 1439 del Proyecto 40', 'Finalizado', '2023-12-01', '2023-12-30', 40),
(1440, 'Fase 1440 del Proyecto 41', 'En Progreso', '2023-01-01', '2023-02-01', 41),
(1441, 'Fase 1441 del Proyecto 42', 'Finalizado', '2023-02-01', '2023-03-01', 42),
(1442, 'Fase 1442 del Proyecto 43', 'En Progreso', '2023-03-01', '2023-04-01', 43),
(1443, 'Fase 1443 del Proyecto 44', 'Finalizado', '2023-04-01', '2023-05-01', 44),
(1444, 'Fase 1444 del Proyecto 45', 'En Progreso', '2023-05-01', '2023-06-01', 45),
(1445, 'Fase 1445 del Proyecto 46', 'Finalizado', '2023-06-01', '2023-07-01', 46),
(1446, 'Fase 1446 del Proyecto 47', 'En Progreso', '2023-07-01', '2023-08-01', 47),
(1447, 'Fase 1447 del Proyecto 48', 'Finalizado', '2023-08-01', '2023-09-01', 48),
(1448, 'Fase 1448 del Proyecto 49', 'En Progreso', '2023-09-01', '2023-10-01', 49),
(1449, 'Fase 1449 del Proyecto 50', 'Finalizado', '2023-10-01', '2023-11-01', 50),
(1450, 'Fase 1450 del Proyecto 51', 'En Progreso', '2023-11-01', '2023-12-01', 51),
(1451, 'Fase 1451 del Proyecto 52', 'Finalizado', '2023-12-01', '2023-12-30', 52),
(1452, 'Fase 1452 del Proyecto 53', 'En Progreso', '2023-01-01', '2023-02-01', 53),
(1453, 'Fase 1453 del Proyecto 54', 'Finalizado', '2023-02-01', '2023-03-01', 54),
(1454, 'Fase 1454 del Proyecto 55', 'En Progreso', '2023-03-01', '2023-04-01', 55),
(1455, 'Fase 1455 del Proyecto 56', 'Finalizado', '2023-04-01', '2023-05-01', 56),
(1456, 'Fase 1456 del Proyecto 57', 'En Progreso', '2023-05-01', '2023-06-01', 57),
(1457, 'Fase 1457 del Proyecto 58', 'Finalizado', '2023-06-01', '2023-07-01', 58),
(1458, 'Fase 1458 del Proyecto 59', 'En Progreso', '2023-07-01', '2023-08-01', 59),
(1459, 'Fase 1459 del Proyecto 60', 'Finalizado', '2023-08-01', '2023-09-01', 60),
(1460, 'Fase 1460 del Proyecto 61', 'En Progreso', '2023-09-01', '2023-10-01', 61),
(1461, 'Fase 1461 del Proyecto 62', 'Finalizado', '2023-10-01', '2023-11-01', 62),
(1462, 'Fase 1462 del Proyecto 63', 'En Progreso', '2023-11-01', '2023-12-01', 63),
(1463, 'Fase 1463 del Proyecto 64', 'Finalizado', '2023-12-01', '2023-12-30', 64),
(1464, 'Fase 1464 del Proyecto 65', 'En Progreso', '2023-01-01', '2023-02-01', 65),
(1465, 'Fase 1465 del Proyecto 66', 'Finalizado', '2023-02-01', '2023-03-01', 66),
(1466, 'Fase 1466 del Proyecto 67', 'En Progreso', '2023-03-01', '2023-04-01', 67),
(1467, 'Fase 1467 del Proyecto 68', 'Finalizado', '2023-04-01', '2023-05-01', 68),
(1468, 'Fase 1468 del Proyecto 69', 'En Progreso', '2023-05-01', '2023-06-01', 69),
(1469, 'Fase 1469 del Proyecto 70', 'Finalizado', '2023-06-01', '2023-07-01', 70),
(1470, 'Fase 1470 del Proyecto 71', 'En Progreso', '2023-07-01', '2023-08-01', 71),
(1471, 'Fase 1471 del Proyecto 72', 'Finalizado', '2023-08-01', '2023-09-01', 72),
(1472, 'Fase 1472 del Proyecto 73', 'En Progreso', '2023-09-01', '2023-10-01', 73),
(1473, 'Fase 1473 del Proyecto 74', 'Finalizado', '2023-10-01', '2023-11-01', 74),
(1474, 'Fase 1474 del Proyecto 75', 'En Progreso', '2023-11-01', '2023-12-01', 75),
(1475, 'Fase 1475 del Proyecto 76', 'Finalizado', '2023-12-01', '2023-12-30', 76),
(1476, 'Fase 1476 del Proyecto 77', 'En Progreso', '2023-01-01', '2023-02-01', 77),
(1477, 'Fase 1477 del Proyecto 78', 'Finalizado', '2023-02-01', '2023-03-01', 78),
(1478, 'Fase 1478 del Proyecto 79', 'En Progreso', '2023-03-01', '2023-04-01', 79),
(1479, 'Fase 1479 del Proyecto 80', 'Finalizado', '2023-04-01', '2023-05-01', 80),
(1480, 'Fase 1480 del Proyecto 81', 'En Progreso', '2023-05-01', '2023-06-01', 81),
(1481, 'Fase 1481 del Proyecto 82', 'Finalizado', '2023-06-01', '2023-07-01', 82),
(1482, 'Fase 1482 del Proyecto 83', 'En Progreso', '2023-07-01', '2023-08-01', 83),
(1483, 'Fase 1483 del Proyecto 84', 'Finalizado', '2023-08-01', '2023-09-01', 84),
(1484, 'Fase 1484 del Proyecto 85', 'En Progreso', '2023-09-01', '2023-10-01', 85),
(1485, 'Fase 1485 del Proyecto 86', 'Finalizado', '2023-10-01', '2023-11-01', 86),
(1486, 'Fase 1486 del Proyecto 87', 'En Progreso', '2023-11-01', '2023-12-01', 87),
(1487, 'Fase 1487 del Proyecto 88', 'Finalizado', '2023-12-01', '2023-12-30', 88),
(1488, 'Fase 1488 del Proyecto 89', 'En Progreso', '2023-01-01', '2023-02-01', 89),
(1489, 'Fase 1489 del Proyecto 90', 'Finalizado', '2023-02-01', '2023-03-01', 90),
(1490, 'Fase 1490 del Proyecto 91', 'En Progreso', '2023-03-01', '2023-04-01', 91),
(1491, 'Fase 1491 del Proyecto 92', 'Finalizado', '2023-04-01', '2023-05-01', 92),
(1492, 'Fase 1492 del Proyecto 93', 'En Progreso', '2023-05-01', '2023-06-01', 93),
(1493, 'Fase 1493 del Proyecto 94', 'Finalizado', '2023-06-01', '2023-07-01', 94),
(1494, 'Fase 1494 del Proyecto 95', 'En Progreso', '2023-07-01', '2023-08-01', 95),
(1495, 'Fase 1495 del Proyecto 96', 'Finalizado', '2023-08-01', '2023-09-01', 96),
(1496, 'Fase 1496 del Proyecto 97', 'En Progreso', '2023-09-01', '2023-10-01', 97),
(1497, 'Fase 1497 del Proyecto 98', 'Finalizado', '2023-10-01', '2023-11-01', 98),
(1498, 'Fase 1498 del Proyecto 99', 'En Progreso', '2023-11-01', '2023-12-01', 99),
(1499, 'Fase 1499 del Proyecto 100', 'Finalizado', '2023-12-01', '2023-12-30', 100),
(1500, 'Fase 1500 del Proyecto 1', 'En Progreso', '2023-01-01', '2023-02-01', 1),
(1501, 'Fase 1501 del Proyecto 2', 'Finalizado', '2023-02-01', '2023-03-01', 2),
(1502, 'Fase 1502 del Proyecto 3', 'En Progreso', '2023-03-01', '2023-04-01', 3),
(1503, 'Fase 1503 del Proyecto 4', 'Finalizado', '2023-04-01', '2023-05-01', 4),
(1504, 'Fase 1504 del Proyecto 5', 'En Progreso', '2023-05-01', '2023-06-01', 5),
(1505, 'Fase 1505 del Proyecto 6', 'Finalizado', '2023-06-01', '2023-07-01', 6),
(1506, 'Fase 1506 del Proyecto 7', 'En Progreso', '2023-07-01', '2023-08-01', 7),
(1507, 'Fase 1507 del Proyecto 8', 'Finalizado', '2023-08-01', '2023-09-01', 8),
(1508, 'Fase 1508 del Proyecto 9', 'En Progreso', '2023-09-01', '2023-10-01', 9),
(1509, 'Fase 1509 del Proyecto 10', 'Finalizado', '2023-10-01', '2023-11-01', 10),
(1510, 'Fase 1510 del Proyecto 11', 'En Progreso', '2023-11-01', '2023-12-01', 11),
(1511, 'Fase 1511 del Proyecto 12', 'Finalizado', '2023-12-01', '2023-12-30', 12),
(1512, 'Fase 1512 del Proyecto 13', 'En Progreso', '2023-01-01', '2023-02-01', 13),
(1513, 'Fase 1513 del Proyecto 14', 'Finalizado', '2023-02-01', '2023-03-01', 14),
(1514, 'Fase 1514 del Proyecto 15', 'En Progreso', '2023-03-01', '2023-04-01', 15),
(1515, 'Fase 1515 del Proyecto 16', 'Finalizado', '2023-04-01', '2023-05-01', 16),
(1516, 'Fase 1516 del Proyecto 17', 'En Progreso', '2023-05-01', '2023-06-01', 17),
(1517, 'Fase 1517 del Proyecto 18', 'Finalizado', '2023-06-01', '2023-07-01', 18),
(1518, 'Fase 1518 del Proyecto 19', 'En Progreso', '2023-07-01', '2023-08-01', 19),
(1519, 'Fase 1519 del Proyecto 20', 'Finalizado', '2023-08-01', '2023-09-01', 20),
(1520, 'Fase 1520 del Proyecto 21', 'En Progreso', '2023-09-01', '2023-10-01', 21),
(1521, 'Fase 1521 del Proyecto 22', 'Finalizado', '2023-10-01', '2023-11-01', 22),
(1522, 'Fase 1522 del Proyecto 23', 'En Progreso', '2023-11-01', '2023-12-01', 23),
(1523, 'Fase 1523 del Proyecto 24', 'Finalizado', '2023-12-01', '2023-12-30', 24),
(1524, 'Fase 1524 del Proyecto 25', 'En Progreso', '2023-01-01', '2023-02-01', 25),
(1525, 'Fase 1525 del Proyecto 26', 'Finalizado', '2023-02-01', '2023-03-01', 26),
(1526, 'Fase 1526 del Proyecto 27', 'En Progreso', '2023-03-01', '2023-04-01', 27),
(1527, 'Fase 1527 del Proyecto 28', 'Finalizado', '2023-04-01', '2023-05-01', 28),
(1528, 'Fase 1528 del Proyecto 29', 'En Progreso', '2023-05-01', '2023-06-01', 29),
(1529, 'Fase 1529 del Proyecto 30', 'Finalizado', '2023-06-01', '2023-07-01', 30),
(1530, 'Fase 1530 del Proyecto 31', 'En Progreso', '2023-07-01', '2023-08-01', 31),
(1531, 'Fase 1531 del Proyecto 32', 'Finalizado', '2023-08-01', '2023-09-01', 32),
(1532, 'Fase 1532 del Proyecto 33', 'En Progreso', '2023-09-01', '2023-10-01', 33),
(1533, 'Fase 1533 del Proyecto 34', 'Finalizado', '2023-10-01', '2023-11-01', 34),
(1534, 'Fase 1534 del Proyecto 35', 'En Progreso', '2023-11-01', '2023-12-01', 35),
(1535, 'Fase 1535 del Proyecto 36', 'Finalizado', '2023-12-01', '2023-12-30', 36),
(1536, 'Fase 1536 del Proyecto 37', 'En Progreso', '2023-01-01', '2023-02-01', 37),
(1537, 'Fase 1537 del Proyecto 38', 'Finalizado', '2023-02-01', '2023-03-01', 38),
(1538, 'Fase 1538 del Proyecto 39', 'En Progreso', '2023-03-01', '2023-04-01', 39),
(1539, 'Fase 1539 del Proyecto 40', 'Finalizado', '2023-04-01', '2023-05-01', 40),
(1540, 'Fase 1540 del Proyecto 41', 'En Progreso', '2023-05-01', '2023-06-01', 41),
(1541, 'Fase 1541 del Proyecto 42', 'Finalizado', '2023-06-01', '2023-07-01', 42),
(1542, 'Fase 1542 del Proyecto 43', 'En Progreso', '2023-07-01', '2023-08-01', 43),
(1543, 'Fase 1543 del Proyecto 44', 'Finalizado', '2023-08-01', '2023-09-01', 44),
(1544, 'Fase 1544 del Proyecto 45', 'En Progreso', '2023-09-01', '2023-10-01', 45),
(1545, 'Fase 1545 del Proyecto 46', 'Finalizado', '2023-10-01', '2023-11-01', 46),
(1546, 'Fase 1546 del Proyecto 47', 'En Progreso', '2023-11-01', '2023-12-01', 47),
(1547, 'Fase 1547 del Proyecto 48', 'Finalizado', '2023-12-01', '2023-12-30', 48),
(1548, 'Fase 1548 del Proyecto 49', 'En Progreso', '2023-01-01', '2023-02-01', 49),
(1549, 'Fase 1549 del Proyecto 50', 'Finalizado', '2023-02-01', '2023-03-01', 50),
(1550, 'Fase 1550 del Proyecto 51', 'En Progreso', '2023-03-01', '2023-04-01', 51),
(1551, 'Fase 1551 del Proyecto 52', 'Finalizado', '2023-04-01', '2023-05-01', 52),
(1552, 'Fase 1552 del Proyecto 53', 'En Progreso', '2023-05-01', '2023-06-01', 53),
(1553, 'Fase 1553 del Proyecto 54', 'Finalizado', '2023-06-01', '2023-07-01', 54),
(1554, 'Fase 1554 del Proyecto 55', 'En Progreso', '2023-07-01', '2023-08-01', 55),
(1555, 'Fase 1555 del Proyecto 56', 'Finalizado', '2023-08-01', '2023-09-01', 56),
(1556, 'Fase 1556 del Proyecto 57', 'En Progreso', '2023-09-01', '2023-10-01', 57),
(1557, 'Fase 1557 del Proyecto 58', 'Finalizado', '2023-10-01', '2023-11-01', 58),
(1558, 'Fase 1558 del Proyecto 59', 'En Progreso', '2023-11-01', '2023-12-01', 59),
(1559, 'Fase 1559 del Proyecto 60', 'Finalizado', '2023-12-01', '2023-12-30', 60),
(1560, 'Fase 1560 del Proyecto 61', 'En Progreso', '2023-01-01', '2023-02-01', 61),
(1561, 'Fase 1561 del Proyecto 62', 'Finalizado', '2023-02-01', '2023-03-01', 62),
(1562, 'Fase 1562 del Proyecto 63', 'En Progreso', '2023-03-01', '2023-04-01', 63),
(1563, 'Fase 1563 del Proyecto 64', 'Finalizado', '2023-04-01', '2023-05-01', 64),
(1564, 'Fase 1564 del Proyecto 65', 'En Progreso', '2023-05-01', '2023-06-01', 65),
(1565, 'Fase 1565 del Proyecto 66', 'Finalizado', '2023-06-01', '2023-07-01', 66),
(1566, 'Fase 1566 del Proyecto 67', 'En Progreso', '2023-07-01', '2023-08-01', 67),
(1567, 'Fase 1567 del Proyecto 68', 'Finalizado', '2023-08-01', '2023-09-01', 68),
(1568, 'Fase 1568 del Proyecto 69', 'En Progreso', '2023-09-01', '2023-10-01', 69),
(1569, 'Fase 1569 del Proyecto 70', 'Finalizado', '2023-10-01', '2023-11-01', 70),
(1570, 'Fase 1570 del Proyecto 71', 'En Progreso', '2023-11-01', '2023-12-01', 71),
(1571, 'Fase 1571 del Proyecto 72', 'Finalizado', '2023-12-01', '2023-12-30', 72),
(1572, 'Fase 1572 del Proyecto 73', 'En Progreso', '2023-01-01', '2023-02-01', 73),
(1573, 'Fase 1573 del Proyecto 74', 'Finalizado', '2023-02-01', '2023-03-01', 74),
(1574, 'Fase 1574 del Proyecto 75', 'En Progreso', '2023-03-01', '2023-04-01', 75),
(1575, 'Fase 1575 del Proyecto 76', 'Finalizado', '2023-04-01', '2023-05-01', 76),
(1576, 'Fase 1576 del Proyecto 77', 'En Progreso', '2023-05-01', '2023-06-01', 77),
(1577, 'Fase 1577 del Proyecto 78', 'Finalizado', '2023-06-01', '2023-07-01', 78),
(1578, 'Fase 1578 del Proyecto 79', 'En Progreso', '2023-07-01', '2023-08-01', 79),
(1579, 'Fase 1579 del Proyecto 80', 'Finalizado', '2023-08-01', '2023-09-01', 80),
(1580, 'Fase 1580 del Proyecto 81', 'En Progreso', '2023-09-01', '2023-10-01', 81),
(1581, 'Fase 1581 del Proyecto 82', 'Finalizado', '2023-10-01', '2023-11-01', 82),
(1582, 'Fase 1582 del Proyecto 83', 'En Progreso', '2023-11-01', '2023-12-01', 83),
(1583, 'Fase 1583 del Proyecto 84', 'Finalizado', '2023-12-01', '2023-12-30', 84),
(1584, 'Fase 1584 del Proyecto 85', 'En Progreso', '2023-01-01', '2023-02-01', 85),
(1585, 'Fase 1585 del Proyecto 86', 'Finalizado', '2023-02-01', '2023-03-01', 86),
(1586, 'Fase 1586 del Proyecto 87', 'En Progreso', '2023-03-01', '2023-04-01', 87),
(1587, 'Fase 1587 del Proyecto 88', 'Finalizado', '2023-04-01', '2023-05-01', 88),
(1588, 'Fase 1588 del Proyecto 89', 'En Progreso', '2023-05-01', '2023-06-01', 89),
(1589, 'Fase 1589 del Proyecto 90', 'Finalizado', '2023-06-01', '2023-07-01', 90),
(1590, 'Fase 1590 del Proyecto 91', 'En Progreso', '2023-07-01', '2023-08-01', 91),
(1591, 'Fase 1591 del Proyecto 92', 'Finalizado', '2023-08-01', '2023-09-01', 92),
(1592, 'Fase 1592 del Proyecto 93', 'En Progreso', '2023-09-01', '2023-10-01', 93),
(1593, 'Fase 1593 del Proyecto 94', 'Finalizado', '2023-10-01', '2023-11-01', 94),
(1594, 'Fase 1594 del Proyecto 95', 'En Progreso', '2023-11-01', '2023-12-01', 95),
(1595, 'Fase 1595 del Proyecto 96', 'Finalizado', '2023-12-01', '2023-12-30', 96),
(1596, 'Fase 1596 del Proyecto 97', 'En Progreso', '2023-01-01', '2023-02-01', 97),
(1597, 'Fase 1597 del Proyecto 98', 'Finalizado', '2023-02-01', '2023-03-01', 98),
(1598, 'Fase 1598 del Proyecto 99', 'En Progreso', '2023-03-01', '2023-04-01', 99),
(1599, 'Fase 1599 del Proyecto 100', 'Finalizado', '2023-04-01', '2023-05-01', 100),
(1600, 'Fase 1600 del Proyecto 1', 'En Progreso', '2023-05-01', '2023-06-01', 1),
(1601, 'Fase 1601 del Proyecto 2', 'Finalizado', '2023-06-01', '2023-07-01', 2),
(1602, 'Fase 1602 del Proyecto 3', 'En Progreso', '2023-07-01', '2023-08-01', 3),
(1603, 'Fase 1603 del Proyecto 4', 'Finalizado', '2023-08-01', '2023-09-01', 4),
(1604, 'Fase 1604 del Proyecto 5', 'En Progreso', '2023-09-01', '2023-10-01', 5),
(1605, 'Fase 1605 del Proyecto 6', 'Finalizado', '2023-10-01', '2023-11-01', 6),
(1606, 'Fase 1606 del Proyecto 7', 'En Progreso', '2023-11-01', '2023-12-01', 7),
(1607, 'Fase 1607 del Proyecto 8', 'Finalizado', '2023-12-01', '2023-12-30', 8),
(1608, 'Fase 1608 del Proyecto 9', 'En Progreso', '2023-01-01', '2023-02-01', 9),
(1609, 'Fase 1609 del Proyecto 10', 'Finalizado', '2023-02-01', '2023-03-01', 10),
(1610, 'Fase 1610 del Proyecto 11', 'En Progreso', '2023-03-01', '2023-04-01', 11),
(1611, 'Fase 1611 del Proyecto 12', 'Finalizado', '2023-04-01', '2023-05-01', 12),
(1612, 'Fase 1612 del Proyecto 13', 'En Progreso', '2023-05-01', '2023-06-01', 13),
(1613, 'Fase 1613 del Proyecto 14', 'Finalizado', '2023-06-01', '2023-07-01', 14),
(1614, 'Fase 1614 del Proyecto 15', 'En Progreso', '2023-07-01', '2023-08-01', 15),
(1615, 'Fase 1615 del Proyecto 16', 'Finalizado', '2023-08-01', '2023-09-01', 16),
(1616, 'Fase 1616 del Proyecto 17', 'En Progreso', '2023-09-01', '2023-10-01', 17),
(1617, 'Fase 1617 del Proyecto 18', 'Finalizado', '2023-10-01', '2023-11-01', 18),
(1618, 'Fase 1618 del Proyecto 19', 'En Progreso', '2023-11-01', '2023-12-01', 19),
(1619, 'Fase 1619 del Proyecto 20', 'Finalizado', '2023-12-01', '2023-12-30', 20),
(1620, 'Fase 1620 del Proyecto 21', 'En Progreso', '2023-01-01', '2023-02-01', 21),
(1621, 'Fase 1621 del Proyecto 22', 'Finalizado', '2023-02-01', '2023-03-01', 22),
(1622, 'Fase 1622 del Proyecto 23', 'En Progreso', '2023-03-01', '2023-04-01', 23),
(1623, 'Fase 1623 del Proyecto 24', 'Finalizado', '2023-04-01', '2023-05-01', 24),
(1624, 'Fase 1624 del Proyecto 25', 'En Progreso', '2023-05-01', '2023-06-01', 25),
(1625, 'Fase 1625 del Proyecto 26', 'Finalizado', '2023-06-01', '2023-07-01', 26),
(1626, 'Fase 1626 del Proyecto 27', 'En Progreso', '2023-07-01', '2023-08-01', 27),
(1627, 'Fase 1627 del Proyecto 28', 'Finalizado', '2023-08-01', '2023-09-01', 28),
(1628, 'Fase 1628 del Proyecto 29', 'En Progreso', '2023-09-01', '2023-10-01', 29),
(1629, 'Fase 1629 del Proyecto 30', 'Finalizado', '2023-10-01', '2023-11-01', 30),
(1630, 'Fase 1630 del Proyecto 31', 'En Progreso', '2023-11-01', '2023-12-01', 31),
(1631, 'Fase 1631 del Proyecto 32', 'Finalizado', '2023-12-01', '2023-12-30', 32),
(1632, 'Fase 1632 del Proyecto 33', 'En Progreso', '2023-01-01', '2023-02-01', 33),
(1633, 'Fase 1633 del Proyecto 34', 'Finalizado', '2023-02-01', '2023-03-01', 34),
(1634, 'Fase 1634 del Proyecto 35', 'En Progreso', '2023-03-01', '2023-04-01', 35),
(1635, 'Fase 1635 del Proyecto 36', 'Finalizado', '2023-04-01', '2023-05-01', 36),
(1636, 'Fase 1636 del Proyecto 37', 'En Progreso', '2023-05-01', '2023-06-01', 37),
(1637, 'Fase 1637 del Proyecto 38', 'Finalizado', '2023-06-01', '2023-07-01', 38),
(1638, 'Fase 1638 del Proyecto 39', 'En Progreso', '2023-07-01', '2023-08-01', 39),
(1639, 'Fase 1639 del Proyecto 40', 'Finalizado', '2023-08-01', '2023-09-01', 40),
(1640, 'Fase 1640 del Proyecto 41', 'En Progreso', '2023-09-01', '2023-10-01', 41),
(1641, 'Fase 1641 del Proyecto 42', 'Finalizado', '2023-10-01', '2023-11-01', 42),
(1642, 'Fase 1642 del Proyecto 43', 'En Progreso', '2023-11-01', '2023-12-01', 43),
(1643, 'Fase 1643 del Proyecto 44', 'Finalizado', '2023-12-01', '2023-12-30', 44),
(1644, 'Fase 1644 del Proyecto 45', 'En Progreso', '2023-01-01', '2023-02-01', 45),
(1645, 'Fase 1645 del Proyecto 46', 'Finalizado', '2023-02-01', '2023-03-01', 46),
(1646, 'Fase 1646 del Proyecto 47', 'En Progreso', '2023-03-01', '2023-04-01', 47),
(1647, 'Fase 1647 del Proyecto 48', 'Finalizado', '2023-04-01', '2023-05-01', 48),
(1648, 'Fase 1648 del Proyecto 49', 'En Progreso', '2023-05-01', '2023-06-01', 49),
(1649, 'Fase 1649 del Proyecto 50', 'Finalizado', '2023-06-01', '2023-07-01', 50),
(1650, 'Fase 1650 del Proyecto 51', 'En Progreso', '2023-07-01', '2023-08-01', 51),
(1651, 'Fase 1651 del Proyecto 52', 'Finalizado', '2023-08-01', '2023-09-01', 52),
(1652, 'Fase 1652 del Proyecto 53', 'En Progreso', '2023-09-01', '2023-10-01', 53),
(1653, 'Fase 1653 del Proyecto 54', 'Finalizado', '2023-10-01', '2023-11-01', 54),
(1654, 'Fase 1654 del Proyecto 55', 'En Progreso', '2023-11-01', '2023-12-01', 55),
(1655, 'Fase 1655 del Proyecto 56', 'Finalizado', '2023-12-01', '2023-12-30', 56),
(1656, 'Fase 1656 del Proyecto 57', 'En Progreso', '2023-01-01', '2023-02-01', 57),
(1657, 'Fase 1657 del Proyecto 58', 'Finalizado', '2023-02-01', '2023-03-01', 58),
(1658, 'Fase 1658 del Proyecto 59', 'En Progreso', '2023-03-01', '2023-04-01', 59),
(1659, 'Fase 1659 del Proyecto 60', 'Finalizado', '2023-04-01', '2023-05-01', 60),
(1660, 'Fase 1660 del Proyecto 61', 'En Progreso', '2023-05-01', '2023-06-01', 61),
(1661, 'Fase 1661 del Proyecto 62', 'Finalizado', '2023-06-01', '2023-07-01', 62),
(1662, 'Fase 1662 del Proyecto 63', 'En Progreso', '2023-07-01', '2023-08-01', 63),
(1663, 'Fase 1663 del Proyecto 64', 'Finalizado', '2023-08-01', '2023-09-01', 64),
(1664, 'Fase 1664 del Proyecto 65', 'En Progreso', '2023-09-01', '2023-10-01', 65),
(1665, 'Fase 1665 del Proyecto 66', 'Finalizado', '2023-10-01', '2023-11-01', 66),
(1666, 'Fase 1666 del Proyecto 67', 'En Progreso', '2023-11-01', '2023-12-01', 67),
(1667, 'Fase 1667 del Proyecto 68', 'Finalizado', '2023-12-01', '2023-12-30', 68),
(1668, 'Fase 1668 del Proyecto 69', 'En Progreso', '2023-01-01', '2023-02-01', 69),
(1669, 'Fase 1669 del Proyecto 70', 'Finalizado', '2023-02-01', '2023-03-01', 70),
(1670, 'Fase 1670 del Proyecto 71', 'En Progreso', '2023-03-01', '2023-04-01', 71),
(1671, 'Fase 1671 del Proyecto 72', 'Finalizado', '2023-04-01', '2023-05-01', 72),
(1672, 'Fase 1672 del Proyecto 73', 'En Progreso', '2023-05-01', '2023-06-01', 73),
(1673, 'Fase 1673 del Proyecto 74', 'Finalizado', '2023-06-01', '2023-07-01', 74),
(1674, 'Fase 1674 del Proyecto 75', 'En Progreso', '2023-07-01', '2023-08-01', 75),
(1675, 'Fase 1675 del Proyecto 76', 'Finalizado', '2023-08-01', '2023-09-01', 76),
(1676, 'Fase 1676 del Proyecto 77', 'En Progreso', '2023-09-01', '2023-10-01', 77),
(1677, 'Fase 1677 del Proyecto 78', 'Finalizado', '2023-10-01', '2023-11-01', 78),
(1678, 'Fase 1678 del Proyecto 79', 'En Progreso', '2023-11-01', '2023-12-01', 79),
(1679, 'Fase 1679 del Proyecto 80', 'Finalizado', '2023-12-01', '2023-12-30', 80),
(1680, 'Fase 1680 del Proyecto 81', 'En Progreso', '2023-01-01', '2023-02-01', 81),
(1681, 'Fase 1681 del Proyecto 82', 'Finalizado', '2023-02-01', '2023-03-01', 82),
(1682, 'Fase 1682 del Proyecto 83', 'En Progreso', '2023-03-01', '2023-04-01', 83),
(1683, 'Fase 1683 del Proyecto 84', 'Finalizado', '2023-04-01', '2023-05-01', 84),
(1684, 'Fase 1684 del Proyecto 85', 'En Progreso', '2023-05-01', '2023-06-01', 85),
(1685, 'Fase 1685 del Proyecto 86', 'Finalizado', '2023-06-01', '2023-07-01', 86),
(1686, 'Fase 1686 del Proyecto 87', 'En Progreso', '2023-07-01', '2023-08-01', 87),
(1687, 'Fase 1687 del Proyecto 88', 'Finalizado', '2023-08-01', '2023-09-01', 88),
(1688, 'Fase 1688 del Proyecto 89', 'En Progreso', '2023-09-01', '2023-10-01', 89),
(1689, 'Fase 1689 del Proyecto 90', 'Finalizado', '2023-10-01', '2023-11-01', 90),
(1690, 'Fase 1690 del Proyecto 91', 'En Progreso', '2023-11-01', '2023-12-01', 91),
(1691, 'Fase 1691 del Proyecto 92', 'Finalizado', '2023-12-01', '2023-12-30', 92),
(1692, 'Fase 1692 del Proyecto 93', 'En Progreso', '2023-01-01', '2023-02-01', 93),
(1693, 'Fase 1693 del Proyecto 94', 'Finalizado', '2023-02-01', '2023-03-01', 94),
(1694, 'Fase 1694 del Proyecto 95', 'En Progreso', '2023-03-01', '2023-04-01', 95),
(1695, 'Fase 1695 del Proyecto 96', 'Finalizado', '2023-04-01', '2023-05-01', 96),
(1696, 'Fase 1696 del Proyecto 97', 'En Progreso', '2023-05-01', '2023-06-01', 97),
(1697, 'Fase 1697 del Proyecto 98', 'Finalizado', '2023-06-01', '2023-07-01', 98),
(1698, 'Fase 1698 del Proyecto 99', 'En Progreso', '2023-07-01', '2023-08-01', 99),
(1699, 'Fase 1699 del Proyecto 100', 'Finalizado', '2023-08-01', '2023-09-01', 100),
(1700, 'Fase 1700 del Proyecto 1', 'En Progreso', '2023-09-01', '2023-10-01', 1),
(1701, 'Fase 1701 del Proyecto 2', 'Finalizado', '2023-10-01', '2023-11-01', 2),
(1702, 'Fase 1702 del Proyecto 3', 'En Progreso', '2023-11-01', '2023-12-01', 3),
(1703, 'Fase 1703 del Proyecto 4', 'Finalizado', '2023-12-01', '2023-12-30', 4),
(1704, 'Fase 1704 del Proyecto 5', 'En Progreso', '2023-01-01', '2023-02-01', 5),
(1705, 'Fase 1705 del Proyecto 6', 'Finalizado', '2023-02-01', '2023-03-01', 6),
(1706, 'Fase 1706 del Proyecto 7', 'En Progreso', '2023-03-01', '2023-04-01', 7),
(1707, 'Fase 1707 del Proyecto 8', 'Finalizado', '2023-04-01', '2023-05-01', 8),
(1708, 'Fase 1708 del Proyecto 9', 'En Progreso', '2023-05-01', '2023-06-01', 9),
(1709, 'Fase 1709 del Proyecto 10', 'Finalizado', '2023-06-01', '2023-07-01', 10),
(1710, 'Fase 1710 del Proyecto 11', 'En Progreso', '2023-07-01', '2023-08-01', 11),
(1711, 'Fase 1711 del Proyecto 12', 'Finalizado', '2023-08-01', '2023-09-01', 12),
(1712, 'Fase 1712 del Proyecto 13', 'En Progreso', '2023-09-01', '2023-10-01', 13),
(1713, 'Fase 1713 del Proyecto 14', 'Finalizado', '2023-10-01', '2023-11-01', 14),
(1714, 'Fase 1714 del Proyecto 15', 'En Progreso', '2023-11-01', '2023-12-01', 15),
(1715, 'Fase 1715 del Proyecto 16', 'Finalizado', '2023-12-01', '2023-12-30', 16),
(1716, 'Fase 1716 del Proyecto 17', 'En Progreso', '2023-01-01', '2023-02-01', 17),
(1717, 'Fase 1717 del Proyecto 18', 'Finalizado', '2023-02-01', '2023-03-01', 18),
(1718, 'Fase 1718 del Proyecto 19', 'En Progreso', '2023-03-01', '2023-04-01', 19),
(1719, 'Fase 1719 del Proyecto 20', 'Finalizado', '2023-04-01', '2023-05-01', 20),
(1720, 'Fase 1720 del Proyecto 21', 'En Progreso', '2023-05-01', '2023-06-01', 21),
(1721, 'Fase 1721 del Proyecto 22', 'Finalizado', '2023-06-01', '2023-07-01', 22),
(1722, 'Fase 1722 del Proyecto 23', 'En Progreso', '2023-07-01', '2023-08-01', 23),
(1723, 'Fase 1723 del Proyecto 24', 'Finalizado', '2023-08-01', '2023-09-01', 24),
(1724, 'Fase 1724 del Proyecto 25', 'En Progreso', '2023-09-01', '2023-10-01', 25),
(1725, 'Fase 1725 del Proyecto 26', 'Finalizado', '2023-10-01', '2023-11-01', 26),
(1726, 'Fase 1726 del Proyecto 27', 'En Progreso', '2023-11-01', '2023-12-01', 27),
(1727, 'Fase 1727 del Proyecto 28', 'Finalizado', '2023-12-01', '2023-12-30', 28),
(1728, 'Fase 1728 del Proyecto 29', 'En Progreso', '2023-01-01', '2023-02-01', 29),
(1729, 'Fase 1729 del Proyecto 30', 'Finalizado', '2023-02-01', '2023-03-01', 30),
(1730, 'Fase 1730 del Proyecto 31', 'En Progreso', '2023-03-01', '2023-04-01', 31),
(1731, 'Fase 1731 del Proyecto 32', 'Finalizado', '2023-04-01', '2023-05-01', 32),
(1732, 'Fase 1732 del Proyecto 33', 'En Progreso', '2023-05-01', '2023-06-01', 33),
(1733, 'Fase 1733 del Proyecto 34', 'Finalizado', '2023-06-01', '2023-07-01', 34),
(1734, 'Fase 1734 del Proyecto 35', 'En Progreso', '2023-07-01', '2023-08-01', 35),
(1735, 'Fase 1735 del Proyecto 36', 'Finalizado', '2023-08-01', '2023-09-01', 36),
(1736, 'Fase 1736 del Proyecto 37', 'En Progreso', '2023-09-01', '2023-10-01', 37),
(1737, 'Fase 1737 del Proyecto 38', 'Finalizado', '2023-10-01', '2023-11-01', 38),
(1738, 'Fase 1738 del Proyecto 39', 'En Progreso', '2023-11-01', '2023-12-01', 39),
(1739, 'Fase 1739 del Proyecto 40', 'Finalizado', '2023-12-01', '2023-12-30', 40),
(1740, 'Fase 1740 del Proyecto 41', 'En Progreso', '2023-01-01', '2023-02-01', 41),
(1741, 'Fase 1741 del Proyecto 42', 'Finalizado', '2023-02-01', '2023-03-01', 42),
(1742, 'Fase 1742 del Proyecto 43', 'En Progreso', '2023-03-01', '2023-04-01', 43),
(1743, 'Fase 1743 del Proyecto 44', 'Finalizado', '2023-04-01', '2023-05-01', 44),
(1744, 'Fase 1744 del Proyecto 45', 'En Progreso', '2023-05-01', '2023-06-01', 45),
(1745, 'Fase 1745 del Proyecto 46', 'Finalizado', '2023-06-01', '2023-07-01', 46),
(1746, 'Fase 1746 del Proyecto 47', 'En Progreso', '2023-07-01', '2023-08-01', 47),
(1747, 'Fase 1747 del Proyecto 48', 'Finalizado', '2023-08-01', '2023-09-01', 48),
(1748, 'Fase 1748 del Proyecto 49', 'En Progreso', '2023-09-01', '2023-10-01', 49),
(1749, 'Fase 1749 del Proyecto 50', 'Finalizado', '2023-10-01', '2023-11-01', 50),
(1750, 'Fase 1750 del Proyecto 51', 'En Progreso', '2023-11-01', '2023-12-01', 51),
(1751, 'Fase 1751 del Proyecto 52', 'Finalizado', '2023-12-01', '2023-12-30', 52),
(1752, 'Fase 1752 del Proyecto 53', 'En Progreso', '2023-01-01', '2023-02-01', 53),
(1753, 'Fase 1753 del Proyecto 54', 'Finalizado', '2023-02-01', '2023-03-01', 54),
(1754, 'Fase 1754 del Proyecto 55', 'En Progreso', '2023-03-01', '2023-04-01', 55),
(1755, 'Fase 1755 del Proyecto 56', 'Finalizado', '2023-04-01', '2023-05-01', 56),
(1756, 'Fase 1756 del Proyecto 57', 'En Progreso', '2023-05-01', '2023-06-01', 57),
(1757, 'Fase 1757 del Proyecto 58', 'Finalizado', '2023-06-01', '2023-07-01', 58),
(1758, 'Fase 1758 del Proyecto 59', 'En Progreso', '2023-07-01', '2023-08-01', 59),
(1759, 'Fase 1759 del Proyecto 60', 'Finalizado', '2023-08-01', '2023-09-01', 60),
(1760, 'Fase 1760 del Proyecto 61', 'En Progreso', '2023-09-01', '2023-10-01', 61),
(1761, 'Fase 1761 del Proyecto 62', 'Finalizado', '2023-10-01', '2023-11-01', 62),
(1762, 'Fase 1762 del Proyecto 63', 'En Progreso', '2023-11-01', '2023-12-01', 63),
(1763, 'Fase 1763 del Proyecto 64', 'Finalizado', '2023-12-01', '2023-12-30', 64),
(1764, 'Fase 1764 del Proyecto 65', 'En Progreso', '2023-01-01', '2023-02-01', 65),
(1765, 'Fase 1765 del Proyecto 66', 'Finalizado', '2023-02-01', '2023-03-01', 66),
(1766, 'Fase 1766 del Proyecto 67', 'En Progreso', '2023-03-01', '2023-04-01', 67),
(1767, 'Fase 1767 del Proyecto 68', 'Finalizado', '2023-04-01', '2023-05-01', 68),
(1768, 'Fase 1768 del Proyecto 69', 'En Progreso', '2023-05-01', '2023-06-01', 69),
(1769, 'Fase 1769 del Proyecto 70', 'Finalizado', '2023-06-01', '2023-07-01', 70),
(1770, 'Fase 1770 del Proyecto 71', 'En Progreso', '2023-07-01', '2023-08-01', 71),
(1771, 'Fase 1771 del Proyecto 72', 'Finalizado', '2023-08-01', '2023-09-01', 72),
(1772, 'Fase 1772 del Proyecto 73', 'En Progreso', '2023-09-01', '2023-10-01', 73),
(1773, 'Fase 1773 del Proyecto 74', 'Finalizado', '2023-10-01', '2023-11-01', 74),
(1774, 'Fase 1774 del Proyecto 75', 'En Progreso', '2023-11-01', '2023-12-01', 75),
(1775, 'Fase 1775 del Proyecto 76', 'Finalizado', '2023-12-01', '2023-12-30', 76),
(1776, 'Fase 1776 del Proyecto 77', 'En Progreso', '2023-01-01', '2023-02-01', 77),
(1777, 'Fase 1777 del Proyecto 78', 'Finalizado', '2023-02-01', '2023-03-01', 78),
(1778, 'Fase 1778 del Proyecto 79', 'En Progreso', '2023-03-01', '2023-04-01', 79),
(1779, 'Fase 1779 del Proyecto 80', 'Finalizado', '2023-04-01', '2023-05-01', 80),
(1780, 'Fase 1780 del Proyecto 81', 'En Progreso', '2023-05-01', '2023-06-01', 81),
(1781, 'Fase 1781 del Proyecto 82', 'Finalizado', '2023-06-01', '2023-07-01', 82),
(1782, 'Fase 1782 del Proyecto 83', 'En Progreso', '2023-07-01', '2023-08-01', 83),
(1783, 'Fase 1783 del Proyecto 84', 'Finalizado', '2023-08-01', '2023-09-01', 84),
(1784, 'Fase 1784 del Proyecto 85', 'En Progreso', '2023-09-01', '2023-10-01', 85),
(1785, 'Fase 1785 del Proyecto 86', 'Finalizado', '2023-10-01', '2023-11-01', 86),
(1786, 'Fase 1786 del Proyecto 87', 'En Progreso', '2023-11-01', '2023-12-01', 87),
(1787, 'Fase 1787 del Proyecto 88', 'Finalizado', '2023-12-01', '2023-12-30', 88),
(1788, 'Fase 1788 del Proyecto 89', 'En Progreso', '2023-01-01', '2023-02-01', 89),
(1789, 'Fase 1789 del Proyecto 90', 'Finalizado', '2023-02-01', '2023-03-01', 90),
(1790, 'Fase 1790 del Proyecto 91', 'En Progreso', '2023-03-01', '2023-04-01', 91),
(1791, 'Fase 1791 del Proyecto 92', 'Finalizado', '2023-04-01', '2023-05-01', 92),
(1792, 'Fase 1792 del Proyecto 93', 'En Progreso', '2023-05-01', '2023-06-01', 93),
(1793, 'Fase 1793 del Proyecto 94', 'Finalizado', '2023-06-01', '2023-07-01', 94),
(1794, 'Fase 1794 del Proyecto 95', 'En Progreso', '2023-07-01', '2023-08-01', 95),
(1795, 'Fase 1795 del Proyecto 96', 'Finalizado', '2023-08-01', '2023-09-01', 96),
(1796, 'Fase 1796 del Proyecto 97', 'En Progreso', '2023-09-01', '2023-10-01', 97),
(1797, 'Fase 1797 del Proyecto 98', 'Finalizado', '2023-10-01', '2023-11-01', 98),
(1798, 'Fase 1798 del Proyecto 99', 'En Progreso', '2023-11-01', '2023-12-01', 99),
(1799, 'Fase 1799 del Proyecto 100', 'Finalizado', '2023-12-01', '2023-12-30', 100),
(1800, 'Fase 1800 del Proyecto 1', 'En Progreso', '2023-01-01', '2023-02-01', 1),
(1801, 'Fase 1801 del Proyecto 2', 'Finalizado', '2023-02-01', '2023-03-01', 2),
(1802, 'Fase 1802 del Proyecto 3', 'En Progreso', '2023-03-01', '2023-04-01', 3),
(1803, 'Fase 1803 del Proyecto 4', 'Finalizado', '2023-04-01', '2023-05-01', 4),
(1804, 'Fase 1804 del Proyecto 5', 'En Progreso', '2023-05-01', '2023-06-01', 5),
(1805, 'Fase 1805 del Proyecto 6', 'Finalizado', '2023-06-01', '2023-07-01', 6),
(1806, 'Fase 1806 del Proyecto 7', 'En Progreso', '2023-07-01', '2023-08-01', 7),
(1807, 'Fase 1807 del Proyecto 8', 'Finalizado', '2023-08-01', '2023-09-01', 8),
(1808, 'Fase 1808 del Proyecto 9', 'En Progreso', '2023-09-01', '2023-10-01', 9),
(1809, 'Fase 1809 del Proyecto 10', 'Finalizado', '2023-10-01', '2023-11-01', 10),
(1810, 'Fase 1810 del Proyecto 11', 'En Progreso', '2023-11-01', '2023-12-01', 11),
(1811, 'Fase 1811 del Proyecto 12', 'Finalizado', '2023-12-01', '2023-12-30', 12),
(1812, 'Fase 1812 del Proyecto 13', 'En Progreso', '2023-01-01', '2023-02-01', 13),
(1813, 'Fase 1813 del Proyecto 14', 'Finalizado', '2023-02-01', '2023-03-01', 14),
(1814, 'Fase 1814 del Proyecto 15', 'En Progreso', '2023-03-01', '2023-04-01', 15),
(1815, 'Fase 1815 del Proyecto 16', 'Finalizado', '2023-04-01', '2023-05-01', 16),
(1816, 'Fase 1816 del Proyecto 17', 'En Progreso', '2023-05-01', '2023-06-01', 17),
(1817, 'Fase 1817 del Proyecto 18', 'Finalizado', '2023-06-01', '2023-07-01', 18),
(1818, 'Fase 1818 del Proyecto 19', 'En Progreso', '2023-07-01', '2023-08-01', 19),
(1819, 'Fase 1819 del Proyecto 20', 'Finalizado', '2023-08-01', '2023-09-01', 20),
(1820, 'Fase 1820 del Proyecto 21', 'En Progreso', '2023-09-01', '2023-10-01', 21),
(1821, 'Fase 1821 del Proyecto 22', 'Finalizado', '2023-10-01', '2023-11-01', 22),
(1822, 'Fase 1822 del Proyecto 23', 'En Progreso', '2023-11-01', '2023-12-01', 23),
(1823, 'Fase 1823 del Proyecto 24', 'Finalizado', '2023-12-01', '2023-12-30', 24),
(1824, 'Fase 1824 del Proyecto 25', 'En Progreso', '2023-01-01', '2023-02-01', 25),
(1825, 'Fase 1825 del Proyecto 26', 'Finalizado', '2023-02-01', '2023-03-01', 26),
(1826, 'Fase 1826 del Proyecto 27', 'En Progreso', '2023-03-01', '2023-04-01', 27),
(1827, 'Fase 1827 del Proyecto 28', 'Finalizado', '2023-04-01', '2023-05-01', 28),
(1828, 'Fase 1828 del Proyecto 29', 'En Progreso', '2023-05-01', '2023-06-01', 29),
(1829, 'Fase 1829 del Proyecto 30', 'Finalizado', '2023-06-01', '2023-07-01', 30),
(1830, 'Fase 1830 del Proyecto 31', 'En Progreso', '2023-07-01', '2023-08-01', 31),
(1831, 'Fase 1831 del Proyecto 32', 'Finalizado', '2023-08-01', '2023-09-01', 32),
(1832, 'Fase 1832 del Proyecto 33', 'En Progreso', '2023-09-01', '2023-10-01', 33),
(1833, 'Fase 1833 del Proyecto 34', 'Finalizado', '2023-10-01', '2023-11-01', 34),
(1834, 'Fase 1834 del Proyecto 35', 'En Progreso', '2023-11-01', '2023-12-01', 35),
(1835, 'Fase 1835 del Proyecto 36', 'Finalizado', '2023-12-01', '2023-12-30', 36),
(1836, 'Fase 1836 del Proyecto 37', 'En Progreso', '2023-01-01', '2023-02-01', 37),
(1837, 'Fase 1837 del Proyecto 38', 'Finalizado', '2023-02-01', '2023-03-01', 38),
(1838, 'Fase 1838 del Proyecto 39', 'En Progreso', '2023-03-01', '2023-04-01', 39),
(1839, 'Fase 1839 del Proyecto 40', 'Finalizado', '2023-04-01', '2023-05-01', 40),
(1840, 'Fase 1840 del Proyecto 41', 'En Progreso', '2023-05-01', '2023-06-01', 41),
(1841, 'Fase 1841 del Proyecto 42', 'Finalizado', '2023-06-01', '2023-07-01', 42),
(1842, 'Fase 1842 del Proyecto 43', 'En Progreso', '2023-07-01', '2023-08-01', 43),
(1843, 'Fase 1843 del Proyecto 44', 'Finalizado', '2023-08-01', '2023-09-01', 44),
(1844, 'Fase 1844 del Proyecto 45', 'En Progreso', '2023-09-01', '2023-10-01', 45),
(1845, 'Fase 1845 del Proyecto 46', 'Finalizado', '2023-10-01', '2023-11-01', 46),
(1846, 'Fase 1846 del Proyecto 47', 'En Progreso', '2023-11-01', '2023-12-01', 47),
(1847, 'Fase 1847 del Proyecto 48', 'Finalizado', '2023-12-01', '2023-12-30', 48),
(1848, 'Fase 1848 del Proyecto 49', 'En Progreso', '2023-01-01', '2023-02-01', 49),
(1849, 'Fase 1849 del Proyecto 50', 'Finalizado', '2023-02-01', '2023-03-01', 50),
(1850, 'Fase 1850 del Proyecto 51', 'En Progreso', '2023-03-01', '2023-04-01', 51),
(1851, 'Fase 1851 del Proyecto 52', 'Finalizado', '2023-04-01', '2023-05-01', 52),
(1852, 'Fase 1852 del Proyecto 53', 'En Progreso', '2023-05-01', '2023-06-01', 53),
(1853, 'Fase 1853 del Proyecto 54', 'Finalizado', '2023-06-01', '2023-07-01', 54),
(1854, 'Fase 1854 del Proyecto 55', 'En Progreso', '2023-07-01', '2023-08-01', 55),
(1855, 'Fase 1855 del Proyecto 56', 'Finalizado', '2023-08-01', '2023-09-01', 56),
(1856, 'Fase 1856 del Proyecto 57', 'En Progreso', '2023-09-01', '2023-10-01', 57),
(1857, 'Fase 1857 del Proyecto 58', 'Finalizado', '2023-10-01', '2023-11-01', 58),
(1858, 'Fase 1858 del Proyecto 59', 'En Progreso', '2023-11-01', '2023-12-01', 59),
(1859, 'Fase 1859 del Proyecto 60', 'Finalizado', '2023-12-01', '2023-12-30', 60),
(1860, 'Fase 1860 del Proyecto 61', 'En Progreso', '2023-01-01', '2023-02-01', 61),
(1861, 'Fase 1861 del Proyecto 62', 'Finalizado', '2023-02-01', '2023-03-01', 62),
(1862, 'Fase 1862 del Proyecto 63', 'En Progreso', '2023-03-01', '2023-04-01', 63),
(1863, 'Fase 1863 del Proyecto 64', 'Finalizado', '2023-04-01', '2023-05-01', 64),
(1864, 'Fase 1864 del Proyecto 65', 'En Progreso', '2023-05-01', '2023-06-01', 65),
(1865, 'Fase 1865 del Proyecto 66', 'Finalizado', '2023-06-01', '2023-07-01', 66),
(1866, 'Fase 1866 del Proyecto 67', 'En Progreso', '2023-07-01', '2023-08-01', 67),
(1867, 'Fase 1867 del Proyecto 68', 'Finalizado', '2023-08-01', '2023-09-01', 68),
(1868, 'Fase 1868 del Proyecto 69', 'En Progreso', '2023-09-01', '2023-10-01', 69),
(1869, 'Fase 1869 del Proyecto 70', 'Finalizado', '2023-10-01', '2023-11-01', 70),
(1870, 'Fase 1870 del Proyecto 71', 'En Progreso', '2023-11-01', '2023-12-01', 71),
(1871, 'Fase 1871 del Proyecto 72', 'Finalizado', '2023-12-01', '2023-12-30', 72),
(1872, 'Fase 1872 del Proyecto 73', 'En Progreso', '2023-01-01', '2023-02-01', 73),
(1873, 'Fase 1873 del Proyecto 74', 'Finalizado', '2023-02-01', '2023-03-01', 74),
(1874, 'Fase 1874 del Proyecto 75', 'En Progreso', '2023-03-01', '2023-04-01', 75),
(1875, 'Fase 1875 del Proyecto 76', 'Finalizado', '2023-04-01', '2023-05-01', 76),
(1876, 'Fase 1876 del Proyecto 77', 'En Progreso', '2023-05-01', '2023-06-01', 77),
(1877, 'Fase 1877 del Proyecto 78', 'Finalizado', '2023-06-01', '2023-07-01', 78),
(1878, 'Fase 1878 del Proyecto 79', 'En Progreso', '2023-07-01', '2023-08-01', 79),
(1879, 'Fase 1879 del Proyecto 80', 'Finalizado', '2023-08-01', '2023-09-01', 80),
(1880, 'Fase 1880 del Proyecto 81', 'En Progreso', '2023-09-01', '2023-10-01', 81),
(1881, 'Fase 1881 del Proyecto 82', 'Finalizado', '2023-10-01', '2023-11-01', 82),
(1882, 'Fase 1882 del Proyecto 83', 'En Progreso', '2023-11-01', '2023-12-01', 83),
(1883, 'Fase 1883 del Proyecto 84', 'Finalizado', '2023-12-01', '2023-12-30', 84),
(1884, 'Fase 1884 del Proyecto 85', 'En Progreso', '2023-01-01', '2023-02-01', 85),
(1885, 'Fase 1885 del Proyecto 86', 'Finalizado', '2023-02-01', '2023-03-01', 86),
(1886, 'Fase 1886 del Proyecto 87', 'En Progreso', '2023-03-01', '2023-04-01', 87),
(1887, 'Fase 1887 del Proyecto 88', 'Finalizado', '2023-04-01', '2023-05-01', 88),
(1888, 'Fase 1888 del Proyecto 89', 'En Progreso', '2023-05-01', '2023-06-01', 89),
(1889, 'Fase 1889 del Proyecto 90', 'Finalizado', '2023-06-01', '2023-07-01', 90),
(1890, 'Fase 1890 del Proyecto 91', 'En Progreso', '2023-07-01', '2023-08-01', 91),
(1891, 'Fase 1891 del Proyecto 92', 'Finalizado', '2023-08-01', '2023-09-01', 92),
(1892, 'Fase 1892 del Proyecto 93', 'En Progreso', '2023-09-01', '2023-10-01', 93),
(1893, 'Fase 1893 del Proyecto 94', 'Finalizado', '2023-10-01', '2023-11-01', 94),
(1894, 'Fase 1894 del Proyecto 95', 'En Progreso', '2023-11-01', '2023-12-01', 95),
(1895, 'Fase 1895 del Proyecto 96', 'Finalizado', '2023-12-01', '2023-12-30', 96),
(1896, 'Fase 1896 del Proyecto 97', 'En Progreso', '2023-01-01', '2023-02-01', 97),
(1897, 'Fase 1897 del Proyecto 98', 'Finalizado', '2023-02-01', '2023-03-01', 98),
(1898, 'Fase 1898 del Proyecto 99', 'En Progreso', '2023-03-01', '2023-04-01', 99),
(1899, 'Fase 1899 del Proyecto 100', 'Finalizado', '2023-04-01', '2023-05-01', 100),
(1900, 'Fase 1900 del Proyecto 1', 'En Progreso', '2023-05-01', '2023-06-01', 1),
(1901, 'Fase 1901 del Proyecto 2', 'Finalizado', '2023-06-01', '2023-07-01', 2),
(1902, 'Fase 1902 del Proyecto 3', 'En Progreso', '2023-07-01', '2023-08-01', 3),
(1903, 'Fase 1903 del Proyecto 4', 'Finalizado', '2023-08-01', '2023-09-01', 4),
(1904, 'Fase 1904 del Proyecto 5', 'En Progreso', '2023-09-01', '2023-10-01', 5),
(1905, 'Fase 1905 del Proyecto 6', 'Finalizado', '2023-10-01', '2023-11-01', 6),
(1906, 'Fase 1906 del Proyecto 7', 'En Progreso', '2023-11-01', '2023-12-01', 7),
(1907, 'Fase 1907 del Proyecto 8', 'Finalizado', '2023-12-01', '2023-12-30', 8),
(1908, 'Fase 1908 del Proyecto 9', 'En Progreso', '2023-01-01', '2023-02-01', 9),
(1909, 'Fase 1909 del Proyecto 10', 'Finalizado', '2023-02-01', '2023-03-01', 10),
(1910, 'Fase 1910 del Proyecto 11', 'En Progreso', '2023-03-01', '2023-04-01', 11),
(1911, 'Fase 1911 del Proyecto 12', 'Finalizado', '2023-04-01', '2023-05-01', 12),
(1912, 'Fase 1912 del Proyecto 13', 'En Progreso', '2023-05-01', '2023-06-01', 13),
(1913, 'Fase 1913 del Proyecto 14', 'Finalizado', '2023-06-01', '2023-07-01', 14),
(1914, 'Fase 1914 del Proyecto 15', 'En Progreso', '2023-07-01', '2023-08-01', 15),
(1915, 'Fase 1915 del Proyecto 16', 'Finalizado', '2023-08-01', '2023-09-01', 16),
(1916, 'Fase 1916 del Proyecto 17', 'En Progreso', '2023-09-01', '2023-10-01', 17),
(1917, 'Fase 1917 del Proyecto 18', 'Finalizado', '2023-10-01', '2023-11-01', 18),
(1918, 'Fase 1918 del Proyecto 19', 'En Progreso', '2023-11-01', '2023-12-01', 19),
(1919, 'Fase 1919 del Proyecto 20', 'Finalizado', '2023-12-01', '2023-12-30', 20),
(1920, 'Fase 1920 del Proyecto 21', 'En Progreso', '2023-01-01', '2023-02-01', 21),
(1921, 'Fase 1921 del Proyecto 22', 'Finalizado', '2023-02-01', '2023-03-01', 22),
(1922, 'Fase 1922 del Proyecto 23', 'En Progreso', '2023-03-01', '2023-04-01', 23),
(1923, 'Fase 1923 del Proyecto 24', 'Finalizado', '2023-04-01', '2023-05-01', 24),
(1924, 'Fase 1924 del Proyecto 25', 'En Progreso', '2023-05-01', '2023-06-01', 25),
(1925, 'Fase 1925 del Proyecto 26', 'Finalizado', '2023-06-01', '2023-07-01', 26),
(1926, 'Fase 1926 del Proyecto 27', 'En Progreso', '2023-07-01', '2023-08-01', 27),
(1927, 'Fase 1927 del Proyecto 28', 'Finalizado', '2023-08-01', '2023-09-01', 28),
(1928, 'Fase 1928 del Proyecto 29', 'En Progreso', '2023-09-01', '2023-10-01', 29),
(1929, 'Fase 1929 del Proyecto 30', 'Finalizado', '2023-10-01', '2023-11-01', 30),
(1930, 'Fase 1930 del Proyecto 31', 'En Progreso', '2023-11-01', '2023-12-01', 31),
(1931, 'Fase 1931 del Proyecto 32', 'Finalizado', '2023-12-01', '2023-12-30', 32),
(1932, 'Fase 1932 del Proyecto 33', 'En Progreso', '2023-01-01', '2023-02-01', 33),
(1933, 'Fase 1933 del Proyecto 34', 'Finalizado', '2023-02-01', '2023-03-01', 34),
(1934, 'Fase 1934 del Proyecto 35', 'En Progreso', '2023-03-01', '2023-04-01', 35),
(1935, 'Fase 1935 del Proyecto 36', 'Finalizado', '2023-04-01', '2023-05-01', 36),
(1936, 'Fase 1936 del Proyecto 37', 'En Progreso', '2023-05-01', '2023-06-01', 37),
(1937, 'Fase 1937 del Proyecto 38', 'Finalizado', '2023-06-01', '2023-07-01', 38),
(1938, 'Fase 1938 del Proyecto 39', 'En Progreso', '2023-07-01', '2023-08-01', 39),
(1939, 'Fase 1939 del Proyecto 40', 'Finalizado', '2023-08-01', '2023-09-01', 40),
(1940, 'Fase 1940 del Proyecto 41', 'En Progreso', '2023-09-01', '2023-10-01', 41),
(1941, 'Fase 1941 del Proyecto 42', 'Finalizado', '2023-10-01', '2023-11-01', 42),
(1942, 'Fase 1942 del Proyecto 43', 'En Progreso', '2023-11-01', '2023-12-01', 43),
(1943, 'Fase 1943 del Proyecto 44', 'Finalizado', '2023-12-01', '2023-12-30', 44),
(1944, 'Fase 1944 del Proyecto 45', 'En Progreso', '2023-01-01', '2023-02-01', 45),
(1945, 'Fase 1945 del Proyecto 46', 'Finalizado', '2023-02-01', '2023-03-01', 46),
(1946, 'Fase 1946 del Proyecto 47', 'En Progreso', '2023-03-01', '2023-04-01', 47),
(1947, 'Fase 1947 del Proyecto 48', 'Finalizado', '2023-04-01', '2023-05-01', 48),
(1948, 'Fase 1948 del Proyecto 49', 'En Progreso', '2023-05-01', '2023-06-01', 49),
(1949, 'Fase 1949 del Proyecto 50', 'Finalizado', '2023-06-01', '2023-07-01', 50),
(1950, 'Fase 1950 del Proyecto 51', 'En Progreso', '2023-07-01', '2023-08-01', 51),
(1951, 'Fase 1951 del Proyecto 52', 'Finalizado', '2023-08-01', '2023-09-01', 52),
(1952, 'Fase 1952 del Proyecto 53', 'En Progreso', '2023-09-01', '2023-10-01', 53),
(1953, 'Fase 1953 del Proyecto 54', 'Finalizado', '2023-10-01', '2023-11-01', 54),
(1954, 'Fase 1954 del Proyecto 55', 'En Progreso', '2023-11-01', '2023-12-01', 55),
(1955, 'Fase 1955 del Proyecto 56', 'Finalizado', '2023-12-01', '2023-12-30', 56),
(1956, 'Fase 1956 del Proyecto 57', 'En Progreso', '2023-01-01', '2023-02-01', 57),
(1957, 'Fase 1957 del Proyecto 58', 'Finalizado', '2023-02-01', '2023-03-01', 58),
(1958, 'Fase 1958 del Proyecto 59', 'En Progreso', '2023-03-01', '2023-04-01', 59),
(1959, 'Fase 1959 del Proyecto 60', 'Finalizado', '2023-04-01', '2023-05-01', 60),
(1960, 'Fase 1960 del Proyecto 61', 'En Progreso', '2023-05-01', '2023-06-01', 61),
(1961, 'Fase 1961 del Proyecto 62', 'Finalizado', '2023-06-01', '2023-07-01', 62),
(1962, 'Fase 1962 del Proyecto 63', 'En Progreso', '2023-07-01', '2023-08-01', 63),
(1963, 'Fase 1963 del Proyecto 64', 'Finalizado', '2023-08-01', '2023-09-01', 64),
(1964, 'Fase 1964 del Proyecto 65', 'En Progreso', '2023-09-01', '2023-10-01', 65),
(1965, 'Fase 1965 del Proyecto 66', 'Finalizado', '2023-10-01', '2023-11-01', 66),
(1966, 'Fase 1966 del Proyecto 67', 'En Progreso', '2023-11-01', '2023-12-01', 67),
(1967, 'Fase 1967 del Proyecto 68', 'Finalizado', '2023-12-01', '2023-12-30', 68),
(1968, 'Fase 1968 del Proyecto 69', 'En Progreso', '2023-01-01', '2023-02-01', 69),
(1969, 'Fase 1969 del Proyecto 70', 'Finalizado', '2023-02-01', '2023-03-01', 70),
(1970, 'Fase 1970 del Proyecto 71', 'En Progreso', '2023-03-01', '2023-04-01', 71),
(1971, 'Fase 1971 del Proyecto 72', 'Finalizado', '2023-04-01', '2023-05-01', 72),
(1972, 'Fase 1972 del Proyecto 73', 'En Progreso', '2023-05-01', '2023-06-01', 73),
(1973, 'Fase 1973 del Proyecto 74', 'Finalizado', '2023-06-01', '2023-07-01', 74),
(1974, 'Fase 1974 del Proyecto 75', 'En Progreso', '2023-07-01', '2023-08-01', 75),
(1975, 'Fase 1975 del Proyecto 76', 'Finalizado', '2023-08-01', '2023-09-01', 76),
(1976, 'Fase 1976 del Proyecto 77', 'En Progreso', '2023-09-01', '2023-10-01', 77),
(1977, 'Fase 1977 del Proyecto 78', 'Finalizado', '2023-10-01', '2023-11-01', 78),
(1978, 'Fase 1978 del Proyecto 79', 'En Progreso', '2023-11-01', '2023-12-01', 79),
(1979, 'Fase 1979 del Proyecto 80', 'Finalizado', '2023-12-01', '2023-12-30', 80),
(1980, 'Fase 1980 del Proyecto 81', 'En Progreso', '2023-01-01', '2023-02-01', 81),
(1981, 'Fase 1981 del Proyecto 82', 'Finalizado', '2023-02-01', '2023-03-01', 82),
(1982, 'Fase 1982 del Proyecto 83', 'En Progreso', '2023-03-01', '2023-04-01', 83),
(1983, 'Fase 1983 del Proyecto 84', 'Finalizado', '2023-04-01', '2023-05-01', 84),
(1984, 'Fase 1984 del Proyecto 85', 'En Progreso', '2023-05-01', '2023-06-01', 85),
(1985, 'Fase 1985 del Proyecto 86', 'Finalizado', '2023-06-01', '2023-07-01', 86),
(1986, 'Fase 1986 del Proyecto 87', 'En Progreso', '2023-07-01', '2023-08-01', 87),
(1987, 'Fase 1987 del Proyecto 88', 'Finalizado', '2023-08-01', '2023-09-01', 88),
(1988, 'Fase 1988 del Proyecto 89', 'En Progreso', '2023-09-01', '2023-10-01', 89),
(1989, 'Fase 1989 del Proyecto 90', 'Finalizado', '2023-10-01', '2023-11-01', 90),
(1990, 'Fase 1990 del Proyecto 91', 'En Progreso', '2023-11-01', '2023-12-01', 91),
(1991, 'Fase 1991 del Proyecto 92', 'Finalizado', '2023-12-01', '2023-12-30', 92),
(1992, 'Fase 1992 del Proyecto 93', 'En Progreso', '2023-01-01', '2023-02-01', 93),
(1993, 'Fase 1993 del Proyecto 94', 'Finalizado', '2023-02-01', '2023-03-01', 94),
(1994, 'Fase 1994 del Proyecto 95', 'En Progreso', '2023-03-01', '2023-04-01', 95),
(1995, 'Fase 1995 del Proyecto 96', 'Finalizado', '2023-04-01', '2023-05-01', 96),
(1996, 'Fase 1996 del Proyecto 97', 'En Progreso', '2023-05-01', '2023-06-01', 97),
(1997, 'Fase 1997 del Proyecto 98', 'Finalizado', '2023-06-01', '2023-07-01', 98),
(1998, 'Fase 1998 del Proyecto 99', 'En Progreso', '2023-07-01', '2023-08-01', 99),
(1999, 'Fase 1999 del Proyecto 100', 'Finalizado', '2023-08-01', '2023-09-01', 100),
(2000, 'Fase 2000 del Proyecto 1', 'En Progreso', '2023-09-01', '2023-10-01', 1);


INSERT INTO Empleado (codigo_empleado, DNI, nombre, direccion, titulacion, anios_exp)
VALUES
(1, '12345671A', 'Empleado 1', 'Dirección 1', 'Titulación 1', 2),
(2, '12345672A', 'Empleado 2', 'Dirección 2', 'Titulación 2', 3),
(3, '12345673A', 'Empleado 3', 'Dirección 3', 'Titulación 3', 4),
(4, '12345674A', 'Empleado 4', 'Dirección 4', 'Titulación 4', 5),
(5, '12345675A', 'Empleado 5', 'Dirección 5', 'Titulación 5', 6),
(6, '12345676A', 'Empleado 6', 'Dirección 6', 'Titulación 6', 7),
(7, '12345677A', 'Empleado 7', 'Dirección 7', 'Titulación 7', 8),
(8, '12345678A', 'Empleado 8', 'Dirección 8', 'Titulación 8', 9),
(9, '12345679A', 'Empleado 9', 'Dirección 9', 'Titulación 9', 10),
(10, '12345670A', 'Empleado 10', 'Dirección 10', 'Titulación 10', 1),
(11, '12345671A', 'Empleado 11', 'Dirección 11', 'Titulación 11', 2),
(12, '12345672A', 'Empleado 12', 'Dirección 12', 'Titulación 12', 3),
(13, '12345673A', 'Empleado 13', 'Dirección 13', 'Titulación 13', 4),
(14, '12345674A', 'Empleado 14', 'Dirección 14', 'Titulación 14', 5),
(15, '12345675A', 'Empleado 15', 'Dirección 15', 'Titulación 15', 6),
(16, '12345676A', 'Empleado 16', 'Dirección 16', 'Titulación 16', 7),
(17, '12345677A', 'Empleado 17', 'Dirección 17', 'Titulación 17', 8),
(18, '12345678A', 'Empleado 18', 'Dirección 18', 'Titulación 18', 9),
(19, '12345679A', 'Empleado 19', 'Dirección 19', 'Titulación 19', 10),
(20, '12345670A', 'Empleado 20', 'Dirección 20', 'Titulación 20', 1),
(21, '12345671A', 'Empleado 21', 'Dirección 21', 'Titulación 21', 2),
(22, '12345672A', 'Empleado 22', 'Dirección 22', 'Titulación 22', 3),
(23, '12345673A', 'Empleado 23', 'Dirección 23', 'Titulación 23', 4),
(24, '12345674A', 'Empleado 24', 'Dirección 24', 'Titulación 24', 5),
(25, '12345675A', 'Empleado 25', 'Dirección 25', 'Titulación 25', 6),
(26, '12345676A', 'Empleado 26', 'Dirección 26', 'Titulación 26', 7),
(27, '12345677A', 'Empleado 27', 'Dirección 27', 'Titulación 27', 8),
(28, '12345678A', 'Empleado 28', 'Dirección 28', 'Titulación 28', 9),
(29, '12345679A', 'Empleado 29', 'Dirección 29', 'Titulación 29', 10),
(30, '12345670A', 'Empleado 30', 'Dirección 30', 'Titulación 30', 1),
(31, '12345671A', 'Empleado 31', 'Dirección 31', 'Titulación 31', 2),
(32, '12345672A', 'Empleado 32', 'Dirección 32', 'Titulación 32', 3),
(33, '12345673A', 'Empleado 33', 'Dirección 33', 'Titulación 33', 4),
(34, '12345674A', 'Empleado 34', 'Dirección 34', 'Titulación 34', 5),
(35, '12345675A', 'Empleado 35', 'Dirección 35', 'Titulación 35', 6),
(36, '12345676A', 'Empleado 36', 'Dirección 36', 'Titulación 36', 7),
(37, '12345677A', 'Empleado 37', 'Dirección 37', 'Titulación 37', 8),
(38, '12345678A', 'Empleado 38', 'Dirección 38', 'Titulación 38', 9),
(39, '12345679A', 'Empleado 39', 'Dirección 39', 'Titulación 39', 10),
(40, '12345670A', 'Empleado 40', 'Dirección 40', 'Titulación 40', 1),
(41, '12345671A', 'Empleado 41', 'Dirección 41', 'Titulación 41', 2),
(42, '12345672A', 'Empleado 42', 'Dirección 42', 'Titulación 42', 3),
(43, '12345673A', 'Empleado 43', 'Dirección 43', 'Titulación 43', 4),
(44, '12345674A', 'Empleado 44', 'Dirección 44', 'Titulación 44', 5),
(45, '12345675A', 'Empleado 45', 'Dirección 45', 'Titulación 45', 6),
(46, '12345676A', 'Empleado 46', 'Dirección 46', 'Titulación 46', 7),
(47, '12345677A', 'Empleado 47', 'Dirección 47', 'Titulación 47', 8),
(48, '12345678A', 'Empleado 48', 'Dirección 48', 'Titulación 48', 9),
(49, '12345679A', 'Empleado 49', 'Dirección 49', 'Titulación 49', 10),
(50, '12345670A', 'Empleado 50', 'Dirección 50', 'Titulación 50', 1);


INSERT INTO Gasto (codigo_gasto, descripcion, fecha, importe, tipo, codigo_empleado, codigo_proyecto)
VALUES
(1, 'Gasto 1', '2023-02-15', 110.00, 'Tipo 1', 2, 2),
(2, 'Gasto 2', '2023-03-15', 120.00, 'Tipo 2', 3, 3),
(3, 'Gasto 3', '2023-04-15', 130.00, 'Tipo 3', 4, 4),
(4, 'Gasto 4', '2023-05-15', 140.00, 'Tipo 4', 5, 5),
(5, 'Gasto 5', '2023-06-15', 150.00, 'Tipo 5', 6, 6),
(6, 'Gasto 6', '2023-07-15', 160.00, 'Tipo 6', 7, 7),
(7, 'Gasto 7', '2023-08-15', 170.00, 'Tipo 7', 8, 8),
(8, 'Gasto 8', '2023-09-15', 180.00, 'Tipo 8', 9, 9),
(9, 'Gasto 9', '2023-10-15', 190.00, 'Tipo 9', 10, 10),
(10, 'Gasto 10', '2023-11-15', 200.00, 'Tipo 10', 11, 11),
(11, 'Gasto 11', '2023-12-15', 210.00, 'Tipo 11', 12, 12),
(12, 'Gasto 12', '2023-01-15', 220.00, 'Tipo 12', 13, 13),
(13, 'Gasto 13', '2023-02-15', 230.00, 'Tipo 13', 14, 14),
(14, 'Gasto 14', '2023-03-15', 240.00, 'Tipo 14', 15, 15),
(15, 'Gasto 15', '2023-04-15', 250.00, 'Tipo 15', 16, 16),
(16, 'Gasto 16', '2023-05-15', 260.00, 'Tipo 16', 17, 17),
(17, 'Gasto 17', '2023-06-15', 270.00, 'Tipo 17', 18, 18),
(18, 'Gasto 18', '2023-07-15', 280.00, 'Tipo 18', 19, 19),
(19, 'Gasto 19', '2023-08-15', 290.00, 'Tipo 19', 20, 20),
(20, 'Gasto 20', '2023-09-15', 300.00, 'Tipo 20', 21, 21),
(21, 'Gasto 21', '2023-10-15', 310.00, 'Tipo 21', 22, 22),
(22, 'Gasto 22', '2023-11-15', 320.00, 'Tipo 22', 23, 23),
(23, 'Gasto 23', '2023-12-15', 330.00, 'Tipo 23', 24, 24),
(24, 'Gasto 24', '2023-01-15', 340.00, 'Tipo 24', 25, 25),
(25, 'Gasto 25', '2023-02-15', 350.00, 'Tipo 25', 26, 26),
(26, 'Gasto 26', '2023-03-15', 360.00, 'Tipo 26', 27, 27),
(27, 'Gasto 27', '2023-04-15', 370.00, 'Tipo 27', 28, 28),
(28, 'Gasto 28', '2023-05-15', 380.00, 'Tipo 28', 29, 29),
(29, 'Gasto 29', '2023-06-15', 390.00, 'Tipo 29', 30, 30),
(30, 'Gasto 30', '2023-07-15', 400.00, 'Tipo 30', 31, 31),
(31, 'Gasto 31', '2023-08-15', 410.00, 'Tipo 31', 32, 32),
(32, 'Gasto 32', '2023-09-15', 420.00, 'Tipo 32', 33, 33),
(33, 'Gasto 33', '2023-10-15', 430.00, 'Tipo 33', 34, 34),
(34, 'Gasto 34', '2023-11-15', 440.00, 'Tipo 34', 35, 35),
(35, 'Gasto 35', '2023-12-15', 450.00, 'Tipo 35', 36, 36),
(36, 'Gasto 36', '2023-01-15', 460.00, 'Tipo 36', 37, 37),
(37, 'Gasto 37', '2023-02-15', 470.00, 'Tipo 37', 38, 38),
(38, 'Gasto 38', '2023-03-15', 480.00, 'Tipo 38', 39, 39),
(39, 'Gasto 39', '2023-04-15', 490.00, 'Tipo 39', 40, 40),
(40, 'Gasto 40', '2023-05-15', 500.00, 'Tipo 40', 41, 41),
(41, 'Gasto 41', '2023-06-15', 510.00, 'Tipo 41', 42, 42),
(42, 'Gasto 42', '2023-07-15', 520.00, 'Tipo 42', 43, 43),
(43, 'Gasto 43', '2023-08-15', 530.00, 'Tipo 43', 44, 44),
(44, 'Gasto 44', '2023-09-15', 540.00, 'Tipo 44', 45, 45),
(45, 'Gasto 45', '2023-10-15', 550.00, 'Tipo 45', 46, 46),
(46, 'Gasto 46', '2023-11-15', 560.00, 'Tipo 46', 47, 47),
(47, 'Gasto 47', '2023-12-15', 570.00, 'Tipo 47', 48, 48),
(48, 'Gasto 48', '2023-01-15', 580.00, 'Tipo 48', 49, 49),
(49, 'Gasto 49', '2023-02-15', 590.00, 'Tipo 49', 50, 50),
(50, 'Gasto 50', '2023-03-15', 600.00, 'Tipo 50', 1, 51),
(51, 'Gasto 51', '2023-04-15', 610.00, 'Tipo 51', 2, 52),
(52, 'Gasto 52', '2023-05-15', 620.00, 'Tipo 52', 3, 53),
(53, 'Gasto 53', '2023-06-15', 630.00, 'Tipo 53', 4, 54),
(54, 'Gasto 54', '2023-07-15', 640.00, 'Tipo 54', 5, 55),
(55, 'Gasto 55', '2023-08-15', 650.00, 'Tipo 55', 6, 56),
(56, 'Gasto 56', '2023-09-15', 660.00, 'Tipo 56', 7, 57),
(57, 'Gasto 57', '2023-10-15', 670.00, 'Tipo 57', 8, 58),
(58, 'Gasto 58', '2023-11-15', 680.00, 'Tipo 58', 9, 59),
(59, 'Gasto 59', '2023-12-15', 690.00, 'Tipo 59', 10, 60),
(60, 'Gasto 60', '2023-01-15', 700.00, 'Tipo 60', 11, 61),
(61, 'Gasto 61', '2023-02-15', 710.00, 'Tipo 61', 12, 62),
(62, 'Gasto 62', '2023-03-15', 720.00, 'Tipo 62', 13, 63),
(63, 'Gasto 63', '2023-04-15', 730.00, 'Tipo 63', 14, 64),
(64, 'Gasto 64', '2023-05-15', 740.00, 'Tipo 64', 15, 65),
(65, 'Gasto 65', '2023-06-15', 750.00, 'Tipo 65', 16, 66),
(66, 'Gasto 66', '2023-07-15', 760.00, 'Tipo 66', 17, 67),
(67, 'Gasto 67', '2023-08-15', 770.00, 'Tipo 67', 18, 68),
(68, 'Gasto 68', '2023-09-15', 780.00, 'Tipo 68', 19, 69),
(69, 'Gasto 69', '2023-10-15', 790.00, 'Tipo 69', 20, 70),
(70, 'Gasto 70', '2023-11-15', 800.00, 'Tipo 70', 21, 71),
(71, 'Gasto 71', '2023-12-15', 810.00, 'Tipo 71', 22, 72),
(72, 'Gasto 72', '2023-01-15', 820.00, 'Tipo 72', 23, 73),
(73, 'Gasto 73', '2023-02-15', 830.00, 'Tipo 73', 24, 74),
(74, 'Gasto 74', '2023-03-15', 840.00, 'Tipo 74', 25, 75),
(75, 'Gasto 75', '2023-04-15', 850.00, 'Tipo 75', 26, 76),
(76, 'Gasto 76', '2023-05-15', 860.00, 'Tipo 76', 27, 77),
(77, 'Gasto 77', '2023-06-15', 870.00, 'Tipo 77', 28, 78),
(78, 'Gasto 78', '2023-07-15', 880.00, 'Tipo 78', 29, 79),
(79, 'Gasto 79', '2023-08-15', 890.00, 'Tipo 79', 30, 80),
(80, 'Gasto 80', '2023-09-15', 900.00, 'Tipo 80', 31, 81),
(81, 'Gasto 81', '2023-10-15', 910.00, 'Tipo 81', 32, 82),
(82, 'Gasto 82', '2023-11-15', 920.00, 'Tipo 82', 33, 83),
(83, 'Gasto 83', '2023-12-15', 930.00, 'Tipo 83', 34, 84),
(84, 'Gasto 84', '2023-01-15', 940.00, 'Tipo 84', 35, 85),
(85, 'Gasto 85', '2023-02-15', 950.00, 'Tipo 85', 36, 86),
(86, 'Gasto 86', '2023-03-15', 960.00, 'Tipo 86', 37, 87),
(87, 'Gasto 87', '2023-04-15', 970.00, 'Tipo 87', 38, 88),
(88, 'Gasto 88', '2023-05-15', 980.00, 'Tipo 88', 39, 89),
(89, 'Gasto 89', '2023-06-15', 990.00, 'Tipo 89', 40, 90),
(90, 'Gasto 90', '2023-07-15', 1000.00, 'Tipo 90', 41, 91),
(91, 'Gasto 91', '2023-08-15', 1010.00, 'Tipo 91', 42, 92),
(92, 'Gasto 92', '2023-09-15', 1020.00, 'Tipo 92', 43, 93),
(93, 'Gasto 93', '2023-10-15', 1030.00, 'Tipo 93', 44, 94),
(94, 'Gasto 94', '2023-11-15', 1040.00, 'Tipo 94', 45, 95),
(95, 'Gasto 95', '2023-12-15', 1050.00, 'Tipo 95', 46, 96),
(96, 'Gasto 96', '2023-01-15', 1060.00, 'Tipo 96', 47, 97),
(97, 'Gasto 97', '2023-02-15', 1070.00, 'Tipo 97', 48, 98),
(98, 'Gasto 98', '2023-03-15', 1080.00, 'Tipo 98', 49, 99),
(99, 'Gasto 99', '2023-04-15', 1090.00, 'Tipo 99', 50, 100),
(100, 'Gasto 100', '2023-05-15', 1100.00, 'Tipo 100', 1, 1);


INSERT INTO Informatico (codigo_empleado, horas_dedicadas, coste_participacion)
VALUES
(10, 3, 68.75),
(50, 26, 102.7),
(14, 36, 232.38),
(18, 11, 64.26),
(40, 28, 254.75),
(47, 36, 81.32),
(11, 16, 30.37),
(38, 35, 351.81),
(8, 9, 199.77),
(24, 40, 429.73),
(31, 10, 310.69),
(12, 20, 321.03),
(4, 25, 416.39),
(36, 16, 98.52),
(37, 5, 141.61),
(32, 24, 448.11),
(41, 4, 86.82),
(1, 38, 271.01),
(20, 28, 60.91),
(26, 4, 275.06),
(42, 23, 344.48),
(19, 2, 342.43),
(28, 25, 81.85),
(44, 10, 99.47),
(39, 4, 47.26),
(7, 3, 115.14),
(30, 25, 44.81),
(35, 17, 196.55),
(33, 19, 219.97),
(9, 16, 316.18);

INSERT INTO Analista (codigo_empleado)
VALUES
(47),
(11),
(38),
(37),
(32),
(1),
(28),
(39),
(7),
(9);


INSERT INTO Producto (codigo_producto, nombre, descripcion, estado, responsable)
VALUES
(1, 'Producto 1', 'Descripción Producto 1', 0, 1),
(2, 'Producto 2', 'Descripción Producto 2', 1, 7),
(3, 'Producto 3', 'Descripción Producto 3', 0, 9),
(4, 'Producto 4', 'Descripción Producto 4', 1, 11),
(5, 'Producto 5', 'Descripción Producto 5', 0, 28),
(6, 'Producto 6', 'Descripción Producto 6', 1, 32),
(7, 'Producto 7', 'Descripción Producto 7', 0, 37),
(8, 'Producto 8', 'Descripción Producto 8', 1, 38),
(9, 'Producto 9', 'Descripción Producto 9', 0, 39),
(10, 'Producto 10', 'Descripción Producto 10', 1, 47),
(11, 'Producto 11', 'Descripción Producto 11', 0, 1),
(12, 'Producto 12', 'Descripción Producto 12', 1, 7),
(13, 'Producto 13', 'Descripción Producto 13', 0, 9),
(14, 'Producto 14', 'Descripción Producto 14', 1, 11),
(15, 'Producto 15', 'Descripción Producto 15', 0, 28),
(16, 'Producto 16', 'Descripción Producto 16', 1, 32),
(17, 'Producto 17', 'Descripción Producto 17', 0, 37),
(18, 'Producto 18', 'Descripción Producto 18', 1, 38),
(19, 'Producto 19', 'Descripción Producto 19', 0, 39),
(20, 'Producto 20', 'Descripción Producto 20', 1, 47),
(21, 'Producto 21', 'Descripción Producto 21', 0, 1),
(22, 'Producto 22', 'Descripción Producto 22', 1, 7),
(23, 'Producto 23', 'Descripción Producto 23', 0, 9),
(24, 'Producto 24', 'Descripción Producto 24', 1, 11),
(25, 'Producto 25', 'Descripción Producto 25', 0, 28),
(26, 'Producto 26', 'Descripción Producto 26', 1, 32),
(27, 'Producto 27', 'Descripción Producto 27', 0, 37),
(28, 'Producto 28', 'Descripción Producto 28', 1, 38),
(29, 'Producto 29', 'Descripción Producto 29', 0, 39),
(30, 'Producto 30', 'Descripción Producto 30', 1, 47),
(31, 'Producto 31', 'Descripción Producto 31', 0, 1),
(32, 'Producto 32', 'Descripción Producto 32', 1, 9),
(33, 'Producto 33', 'Descripción Producto 33', 0, 7),
(34, 'Producto 34', 'Descripción Producto 34', 1, 11),
(35, 'Producto 35', 'Descripción Producto 35', 0, 28),
(36, 'Producto 36', 'Descripción Producto 36', 1, 32),
(37, 'Producto 37', 'Descripción Producto 37', 0, 38),
(38, 'Producto 38', 'Descripción Producto 38', 1, 39),
(39, 'Producto 39', 'Descripción Producto 39', 0, 37),
(40, 'Producto 40', 'Descripción Producto 40', 1, 47),
(41, 'Producto 41', 'Descripción Producto 41', 0, 1),
(42, 'Producto 42', 'Descripción Producto 42', 1, 7),
(43, 'Producto 43', 'Descripción Producto 43', 0, 9),
(44, 'Producto 44', 'Descripción Producto 44', 1, 11),
(45, 'Producto 45', 'Descripción Producto 45', 0, 28),
(46, 'Producto 46', 'Descripción Producto 46', 1, 32),
(47, 'Producto 47', 'Descripción Producto 47', 0, 37),
(48, 'Producto 48', 'Descripción Producto 48', 1, 38),
(49, 'Producto 49', 'Descripción Producto 49', 0, 39),
(50, 'Producto 50', 'Descripción Producto 50', 1, 1);

INSERT INTO Jefe_Proyecto (codigo_empleado, horas_dedicadas, coste_participacion) 
VALUES
(2, 40, 500.50),
(3, 35, 600.75),
(5, 30, 450.80),
(6, 25, 350.60),
(13, 20, 250.40),
(15, 50, 700.90),
(16, 45, 650.85),
(17, 38, 580.70),
(21, 42, 620.60),
(22, 36, 550.50),
(23, 28, 420.75),
(25, 26, 380.65),
(27, 33, 480.95),
(29, 48, 720.80),
(34, 31, 470.60),
(43, 40, 500.50),
(45, 37, 560.75),
(46, 44, 680.85),
(48, 41, 610.95),
(49, 39, 590.65);

INSERT INTO Programador (codigo_empleado, lenguajes_programacion) 
VALUES
(4, 'Java, Python'),
(8, 'C++, JavaScript'),
(10, 'Ruby, Go'),
(12, 'PHP, SQL'),
(14, 'C#, Python'),
(18, 'Java, Kotlin'),
(19, 'Rust, Dart'),
(20, 'Swift, Objective-C'),
(24, 'Perl, Bash'),
(26, 'Lua, Haskell'),
(30, 'Scala, Groovy'),
(31, 'F#, Elixir'),
(33, 'HTML, CSS'),
(35, 'Assembly, C'),
(36, 'TypeScript, JavaScript'),
(40, 'Django, Flask'),
(41, 'Spring Boot, Hibernate'),
(42, 'Angular, React'),
(44, 'Vue.js, Node.js'),
(50, 'SQL, PL/SQL');

INSERT INTO Software (codigo_producto, tipo) 
VALUES 
(1, 'Sistema Operativo'),
(2, 'Aplicación Web'),
(3, 'Herramienta de Diseño'),
(4, 'Suite Ofimática'),
(5, 'Videojuego'),
(6, 'Aplicación Móvil'),
(7, 'Framework de Desarrollo'),
(8, 'Compilador'),
(9, 'Editor de Texto'),
(10, 'Gestor de Base de Datos'),
(11, 'Sistema de Seguridad'),
(12, 'Software de Virtualización'),
(13, 'Sistema de Control de Versiones'),
(14, 'Aplicación de Streaming'),
(15, 'Software de Diseño Gráfico'),
(16, 'Software de Animación 3D'),
(17, 'Sistema de Gestión de Proyectos'),
(18, 'Herramienta de Monitorización'),
(19, 'Software de Automatización'),
(20, 'Sistema de Chatbot'),
(21, 'Motor de Videojuegos'),
(22, 'Software de Presentaciones'),
(23, 'Sistema ERP'),
(24, 'Software de Contabilidad'),
(25, 'Plataforma de Aprendizaje en Línea');

INSERT INTO Prototipo (codigo_producto, version, ubicacion) 
VALUES 
(26, '1.0', 'Laboratorio A'),
(27, '1.1', 'Sala de Diseño'),
(28, '2.0', 'Oficina Central'),
(29, '2.1', 'Taller B'),
(30, '3.0', 'Centro de Innovación'),
(31, '3.1', 'Edificio C'),
(32, '4.0', 'Laboratorio B'),
(33, '4.1', 'Área de Prototipos'),
(34, '5.0', 'Taller A'),
(35, '5.1', 'Fábrica de Software'),
(36, '6.0', 'Laboratorio Central'),
(37, '6.1', 'Planta de Desarrollo'),
(38, '7.0', 'Área de Pruebas'),
(39, '7.1', 'Edificio A'),
(40, '8.0', 'Taller de Innovación'),
(41, '8.1', 'Centro Tecnológico'),
(42, '9.0', 'Sala de Prototipos'),
(43, '9.1', 'Oficina Norte'),
(44, '10.0', 'Taller Central'),
(45, '10.1', 'Fábrica A'),
(46, '11.0', 'Laboratorio C'),
(47, '11.1', 'Edificio D'),
(48, '12.0', 'Taller Sur'),
(49, '12.1', 'Centro de Innovación Este'),
(50, '13.0', 'Sala Principal');

INSERT INTO Recurso (codigo_recurso, nombre, descripcion, tipo, periodo, codigo_fase) 
VALUES 
(1, 'Servidor', 'Servidor principal para pruebas', 'Hardware', '2024-Q1', 1),
(2, 'PC de Desarrollo', 'Computadora para el equipo de desarrollo', 'Hardware', '2024-Q2', 2),
(3, 'Licencia Software', 'Licencia de software de diseño', 'Software', '2024-Q3', 3),
(4, 'Red de Comunicación', 'Red para comunicación interna', 'Hardware', '2024-Q1', 4),
(5, 'Framework', 'Herramienta para desarrollo rápido', 'Software', '2024-Q2', 5),
(6, 'Base de Datos', 'Base de datos centralizada', 'Software', '2024-Q3', 6),
(7, 'Router', 'Router para conexión de red', 'Hardware', '2024-Q4', 7),
(8, 'Plataforma Cloud', 'Plataforma de almacenamiento en la nube', 'Software', '2024-Q2', 8),
(9, 'Monitor', 'Monitor para desarrollo y diseño', 'Hardware', '2024-Q1', 9),
(10, 'Switch', 'Switch para red local', 'Hardware', '2024-Q3', 10),
(11, 'Impresora 3D', 'Impresora para prototipos físicos', 'Hardware', '2024-Q4', 11),
(12, 'Gestor de Proyectos', 'Software de gestión de proyectos', 'Software', '2024-Q2', 12),
(13, 'Firewall', 'Sistema de seguridad de red', 'Software', '2024-Q3', 13),
(14, 'Servidor Backup', 'Servidor para copias de seguridad', 'Hardware', '2024-Q1', 14),
(15, 'Tablet', 'Dispositivo para presentaciones', 'Hardware', '2024-Q4', 15),
(16, 'Kit de Sensores', 'Sensores para pruebas IoT', 'Hardware', '2024-Q2', 26),
(17, 'Simulador', 'Software de simulación de procesos', 'Software', '2024-Q3', 37),
(18, 'Antivirus', 'Herramienta de protección informática', 'Software', '2024-Q1', 118),
(19, 'Notebook', 'Notebook para trabajo remoto', 'Hardware', '2024-Q4', 411),
(20, 'Cableado', 'Cableado estructurado para red', 'Hardware', '2024-Q2', 125),
(21, 'Equipo IoT', 'Kit para desarrollo IoT', 'Hardware', '2024-Q3', 300),
(22, 'Licencia IDE', 'Licencia para IDE de desarrollo', 'Software', '2024-Q1', 105),
(23, 'Equipo de VR', 'Herramienta para realidad virtual', 'Hardware', '2024-Q2', 296),
(24, 'Almacenamiento SSD', 'Unidades de almacenamiento rápido', 'Hardware', '2024-Q3', 307),
(25, 'UPS', 'Sistema de energía ininterrumpida', 'Hardware', '2024-Q4', 51),
(26, 'Sistema ERP', 'Software de planificación empresarial', 'Software', '2024-Q2', 920),
(27, 'Panel Solar', 'Sistema de energía renovable', 'Hardware', '2024-Q3', 364),
(28, 'Microscopio Digital', 'Herramienta para análisis detallado', 'Hardware', '2024-Q1', 1000),
(29, 'Kit Electrónico', 'Conjunto de herramientas electrónicas', 'Hardware', '2024-Q4', 1756),
(30, 'Licencia Analítica', 'Software de análisis de datos', 'Software', '2024-Q2', 1500);


INSERT INTO Empleado_Producto (codigo_empleado, codigo_producto, horas_dedicadas) 
VALUES 
    (1, 1, 30),
    (1, 2, 25),
    (1, 3, 35),
    (2, 4, 40),
    (2, 5, 20),
    (2, 6, 45),
    (3, 7, 50),
    (3, 8, 30),
    (3, 9, 40),
    (4, 10, 60),
    (4, 11, 25),
    (4, 12, 35),
    (5, 13, 45),
    (5, 14, 50),
    (5, 15, 30),
    (6, 16, 20),
    (6, 17, 25),
    (6, 18, 40),
    (7, 19, 35),
    (7, 20, 50),
    (7, 21, 30),
    (8, 22, 45),
    (8, 23, 25),
    (8, 24, 30),
    (9, 25, 40),
    (9, 26, 30),
    (9, 27, 20),
    (10, 28, 35),
    (10, 29, 45),
    (10, 30, 50),
    (11, 31, 20),
    (11, 32, 30),
    (11, 33, 25),
    (12, 34, 40),
    (12, 35, 50),
    (12, 36, 20),
    (13, 37, 45),
    (13, 38, 35),
    (13, 39, 50),
    (14, 40, 30),
    (14, 41, 25),
    (14, 42, 40),
    (15, 43, 30),
    (15, 44, 25),
    (15, 45, 50),
    (16, 46, 35),
    (16, 47, 40),
    (16, 48, 20),
    (17, 49, 45),
    (17, 50, 30);
